Acquisition,Contact,Donate,Event,Learn,Persuade,Poll,Purchase,Vote
sign,tell,donate,west,vote,vote,poll,trump,vote
name,sen,help,oct,abortion,state,survey,twins,voting
add,nation,chip,wing,para,paid,prageru,limited,voter
petition,inflation,now,sunday,por,district,take,tuttle,early
care2,hassan,secure.actblue.com,rsvp,action,representative,presented,free,november
tech,act,can,7pm,que,8th,learning,card,register
demand,liberals,donation,veep,los,house,jill,america,ballot
markowicz,prevention,democrats,9th,georgia,county,follow,2024,election
karol,taxes,today,event,learn,candidate,kids,edition,8th
sexualization,senator,race,join,nov,november,official,get,georgia
pledge,stop,across,october,parenthood,authorized,simonian,shop,online
action,reckless,win,tickets,ban,voted,afpi,healthy,registration
worker,warnock,urgent,rally,planned,police,trump,click,tuesday
fb.me,spending,senate,meet,early,council,position,flag,mail
nuclear,call,seat,saturday,house,families,school,facebook,day
registration,relief,races,tour,las,taxes,response,hat,plan
now,voted,deadline,now,prosperity,judge,recycling,store,nov
marriage,evers,close,september,paid,nov,america,gift,make
bans,resort,defeat,summit,staceyabrams.com,committee,liberal,boyack,easy
penn,one,campaign,events,state,city,exxonmobil,items,center
