ad_id,text
x_427888726186529,"Senator Cortez Masto and DC liberals voted to allow nearly $1 billion to be spent on stimulus checks for criminals in prison! Tell Sen. Cortez Masto to support S.3495, the Inflation Prevention Act to stop inflation and the reckless spending! Call 202-224-3542 Stimulus checks for convicted criminals as fourteen hundred dollar checks, do you have any regret? No, absolutely not. Senator Cortez, masto voted with speaker Pelosi to let checks go to criminals in prison, tell her to stop The Reckless spending. United States 15-51 158,644,602 Check 03 30 21 20211234 KANSAS CITY, MO 4044 03302021 000011112222 4044 03302021 I 20210123456789 Pay to the order of STIMULUS CHECKS TO CONVICTED CRIMINALS 012345 IN PRISON :0000005 18: 0330 20 040321 United States 15-51 158,644,602 000 Check No 03 30 21 20211234 KANSAS CITY, MO 4044 03302021 000011112222 4044 03302021 I 20210123456789 Pay to the order of STIMULUS CHECKS TO CONVICTED CRIMINALS 012345 IN PRISON :0000005 033020218 040321 """"""""""""""""DO YOU HAVE ANY REGRETS..."""""""""""""""" """"""""""""""""DO YOU HAVE ANY REGRETS..."""""""""""""""" """"""""""""""""NO, ABSOLUTELY NOT..."""""""""""""""" EINAT """"""""""""""""DO YOU HAVE ANY REGRETS..."""""""""""""""" """"""""""""""""NO, ABSOLUTELY NOT..."""""""""""""""" SEN. CORTEZ MASTO VOTED WITH SPEAKER PELOSI CQ VOTE #37 2/5/21 VOTE #103, 3/6/21 CQ VOTE #110, 3/6/21 CQ VOTE #72, 3/10/21 100 100 SEN. CORTEZ MASTO VOTED WITH SPEAKER PELOSI CQ VOTE 2/5/21 CQ VOTE #103, 3/6/21 CQ VOTE #110, 3/6/21 CQ VOTE #72, 3/10/21 100 SEN. CORTEZ MASTO VOTED WITH SPEAKER PELOSI TO LET CHECKS GO TO CRIMINALS IN PRISON CQ VOTE 2/5/21 CQ VOTE #103, 3/6/21 CQ VOTE #110, 3/6/21 CQ VOTE #72, 3/10/21 PAID FOR BY ONE NATION. WWW.ONENATIONAMERICA.ORG 100 100 SEN. CORTEZ MASTO VOTED WITH SPEAKER PELOSI TO LET CHECKS GO TO CRIMINALS IN PRISON CQ VOTE 2/5/21 CQ VOTE #103, 3/6/21 CQ VOTE #110, 3/6/21 CQ VOTE #72, 3/10/21 PAID FOR BY ONE NATION. WWW.ONENATIONAMERICA.ORG SEN. CORTEZ MASTO VOTED WITH SPEAKER PELOSI TO LET CHECKS GO TO CRIMINALS IN PRISON CQ VOTE #37 2/5/21 CO VOTE #103, CQ VOTE #110, 3/6/21 CQ VOTE 3/10/21 PAID FOR BY ONE NATION. WWW.ONENATIONAMERICA.ORG IT'S TIME TO STOP THE RECKLESS SPENDING TELL SEN. CORTEZ MASTO 202-224-3542 SUPPORT S.3495: THE INFLATION PREVENTION ACT TO STOP INFLATION PAID FOR BY ONE NATION. WWW.ONENATIONAMERICA.ORG One Nation One Nation www.onenationamerica.org It’s Time to Stop the Reckless Spending!"
x_610903150829878,"While inflation remains persistently high and mortgage rates are jumping to a 20-year high, President Biden got Sen. Warnock’s vote to raise taxes on nearly everyone. Tell Sen. Warnock to SUPPORT S. 4589: the Family and Community Inflation Relief Act to lower taxes. Inflation remains persistently. Highly recession is well underway. Well inflation. Sores Senator Warnock in d.c. liberals voted for higher taxes. Tell Senator Warnock we need a tax break, stop raising our taxes. RISING YOU MORE TAXES? CAN PAY IN SEPTEMBER INFLATION Source: Bureau of Labor Statistics IN 20.2% STOCKS PLUMMET OFFICIALLY A RECESSION BREAKING NEWS SOARING INFLATION SOARING INFLATION N SOARING INFLATION SEN. WARNOCK & DC LIBERALS SEN. WARNOCK & DC LIBERALS """"""""""""""""...TAX INCREASE ON EVERYONE"""""""""""""""" THE WALL STREET JOURNAL OP-ED, 7/31/22 CQ VOTE #325, 8/7/22 SEN. WARNOCK & DC LIBERALS """"""""""""""""...TAX INCREASE ON EVERYONE"""""""""""""""" THE WALL STREET JOURNAL OP-ED, 7/31/22 CQ VOTE #325, 8/7/22 PAID FOR BY ONE NATION. WWW.ONENATIONAMERICA.ORG OFFICIALLY 11.4% 11.2% 23.8% HELTER 6.2% TELL SEN. WARNOCK Support S. 4589: the Family and Community Inflation Relief Act to Lower Taxes HOU 11.4% REN FOOD AT HOME/ 23.5% GROCERIES NEW STOCKS PLUMMET 13.8% ENERGY PRICES USE 25.6% GASOLINE APP FUEL OIL HEA 68.8% INSI 2021 2022 ELECTRICITY 15.8% AIR ECONOMI PAID FOR BY ONE NATION. WWW.ONENATIONAMERICA.ORG TURMO AUGUST2022 8.3% OFFICIALLY FOOD 11.4% 11.2% 7.2% ENERGY 23.8% SHELTER 6.2% TELL SEN. WARNOCK Support STATISTICS S. 4589: the Family and Community Inflation Relief Act to Lower Taxes 11.4% RENT FOOD AT HOME/ 23.5% GROCERIES NEW STOP 13.8% ENERGY PRICES USED STOCKS PLUMMET 25.6% GASOLINE APPAR FUEL OIL HEALT 68.8% 2011 INSUR 2021 2022 ELECTRICITY 15.8% AIREA ECONOMIC PAID FOR BY ONE NATION. WWW.ONENATIONAMERICA.ORG TURMOIL SUMER PRICE INDEX OFFICIALLY FOOD 11.4% 11.2% 7.2% ENERGY 23.8% 202-224-3643 SHELTER TELL SEN. WARNOCK Support STATISTICS S. 4589: G the Family and Community YEAR Inflation Relief Act to Lower Taxes HOUSING 11.4% RENT FOOD AT HOME/ STOP RAISING TAXES 23.5% GROCERIES NEW CA 13.8% ENERGY PRICES USED CA STOCKS PLUMMET 25.6% GASOLINE HEALTH FUEL OIL 68.8% INSURA 2021 2022 ELECTRICITY 15.8% ECONOMIC S PAID FOR BY ONE NATION. One Nation One Nation onenationamerica.org CALL Sen. Warnock >>> Sen. Warnock, STOP raising taxes"
x_519020936699831,"The Senate needs to prioritize women and families and pass the Pregnant Workers Fairness Act. Pregnant workers are too often forced to choose between their paycheck and a healthy pregnancy. PWFA would keep workers healthy and on the job -- and it takes on new urgency as the State of Georgia implements laws that deny women reproductive freedom. Ask Senator Warnock to keep fighting for our families, for reproductive justice, and for the Pregnant Workers Fairness Act. Ask Senator Warnock:. PASS. PWFA. NOW. SEND A MESSAGE. ACLU. Georgia ACLU of Georgia American Civil Liberties Union go.peoplepower.org Contact Sen. Warnock Now: Senator Warnock has always been a champion for women and families in Georgia. We need his help – now more than ever – to make sure that the Senate schedules a vote on the Pregnant Workers Fairness Act now. This critical legislation will combat pregnancy discrimination in Georgia. It will help wo..."
x_638557764407400,"Nevada families can’t afford groceries, but Senator Cortez Masto and DC liberals voted to allow COVID relief money – your tax dollars – to go to hundreds of thousands of criminals in prison. Call Sen. Cortez Masto (202-224-3542) and tell her to support S.3495: the Inflation Prevention Act to Stop Inflation! SENATOR CATHERINE CORTEZ. MASTO AND DC LIBERALS. Voted To Allow Stimulus. Checks To Go To. Criminals In Prison.. - CRIMINALS. -. - - - - -. F3,400. adidas. TELL SEN. CORTEZ MASTO TO SUPPORT S.3495:. The Inflation Prevention Act to Stop Inflation. Paid for by One Nation.. 202-224-3542. www.onenationamerica.org One Nation One Nation onenationamerica.org Call Senator Cortez Masto One Nation is dedicated to the restoration and advancement of the Founders’ vision, seeking to build consensus behind unifying solutions to our country’s hardest challenges and greatest opportunities."
x_1335952883867988,"The Senate needs to prioritize women and families and pass the Pregnant Workers Fairness Act. Pregnant workers are too often forced to choose between their paycheck and a healthy pregnancy. PWFA would keep workers healthy and on the job -- and it takes on new urgency as the State of Georgia implements laws that deny women reproductive freedom. Ask Senator Warnock to keep fighting for our families, for reproductive justice, and for the Pregnant Workers Fairness Act. Ask Senator Warnock:. PASS. PWFA. NOW. SEND A MESSAGE. ACLU. Georgia ACLU of Georgia American Civil Liberties Union go.peoplepower.org Contact Sen. Warnock Now: Senator Warnock has always been a champion for women and families in Georgia. We need his help – now more than ever – to make sure that the Senate schedules a vote on the Pregnant Workers Fairness Act now. This critical legislation will combat pregnancy discrimination in Georgia. It will help wo..."
x_890638971926495,"East Coast values don’t belong in Wisconsin. But Tim Michels is bringing his east coast values here, siding with pro-abortion extremists and lying about being endorsed by the NRA. Tell Tim Michels that you don’t agree with his far-left values. TELL TIM. MICHELS: STOP. SIDING WITH. PRO-ABORTION. EXTREMISTS. CONTACT TIM MICHELS. PAID FOR BY LIBERTY GROUP, INC. Liberty Group, Inc. Liberty Group, Inc. michels.libertygroup.us.org Contact Tim Michels He's not what Wisconsin needs."
x_610950157437293,"Supply chain problems have been a big headache for small businesses, who are disproportionately affected. Tell Congress to restore the supply chain and become less reliant on products from abroad, and sign on to the American Small Business Prosperity Plan. Send a letter to your representatives TODAY! Job Creators Network Job Creators Network p2a.co"
x_1132427987378438,"As food prices increase and access to nutritious food is impacted by war, communities who suffer from hunger face even bigger challenges to survive. You can help communities around the world overcome hunger and malnutrition. Urge Congress to reauthorize the Global Food Security Act. I. FO. -. OUDÁ. Special. HIGH. Biedronia. - - -. adidas Catholic Relief Services CATHOLIC RELIEF SERVICES - UNITED STATES CONFERENCE OF CATHOLIC BISHOPS support.crs.org Protect communities from hunger and malnutrition Tell Congress today to support the Global Food Security Act and help us protect vulnerable communities from hunger and malnutrition."
x_464745275621201,Using all America’s natural resources for energy keeps our economy moving and reduces our dependence on foreign energy. Tell Supervisors to support an all-of-the-above energy plan that includes Iowa-grown wind and solar energy. WIND AND SOLAR. ENERGY ARE PART OF. AN ALL-OF-THE-ABOVE. ENERGY PLAN. SUPPORT ALL-OF-THE-ABOVE ENERGY Bright Future Iowa Bright Future Iowa brightfutureiowa.com Tell Your Supervisors We Need All-of-the-Above Energy
x_1463958470734423,"Supply chain problems have been a big headache for small businesses, who are disproportionately affected. Tell Congress to restore the supply chain and become less reliant on products from abroad, and sign on to the American Small Business Prosperity Plan. Send a letter to your representatives TODAY! Job Creators Network Job Creators Network p2a.co"
