cand_name,cand_id,cand_office,cand_office_st,cand_office_dist,cand_party_affiliation,cand_incumbent_challenger_open_s,full_name,first_name,last_name
"HILL, SID",S0AK00162,S,AK,0,NNE,CHALLENGER,Sid Hill,Sid,Hill
"BOOZMAN, SEN. JOHN",S0AR00150,S,AR,0,REP,INCUMBENT,John Boozman,John,Boozman
"WHITFIELD, DANIEL ALLEN",S0AR00218,S,AR,0,DEM,CHALLENGER,Daniel Whitfield,Daniel,Whitfield
"KELLY, MARK",S0AZ00350,S,AZ,0,DEM,INCUMBENT,Mark Kelly,Kelly,Mark
"BRADFORD, DAPHNE",S0CA00496,S,CA,0,IND,CHALLENGER,Daphne Bradford,Daphne,Bradford
"FABRICANT, DANNY",S0CA00504,S,CA,0,REP,CHALLENGER,Danny Fabricant,Danny,Fabricant
"BENNET, MICHAEL F.",S0CO00211,S,CO,0,DEM,INCUMBENT,Michael Bennet,Michael,Bennet
"BLUMENTHAL, RICHARD",S0CT00177,S,CT,0,DEM,INCUMBENT,Richard Blumenthal,Richard,Blumenthal
"RUBIO, MARCO",S0FL00338,S,FL,0,REP,INCUMBENT,Marco Rubio,Marco,Rubio
"KNEPPER, HOWARD",S0FL00544,S,FL,0,W,CHALLENGER,Howard Knepper,Howard,Knepper
"DEJESUS, MARCKEITH",S0GA00377,S,GA,0,DEM,CHALLENGER,Marckeith Dejesus,Marckeith,Dejesus
"JOHNSON-SHEALEY, TAMARA",S0GA00484,S,GA,0,DEM,CHALLENGER,Tamara Johnson-Shealey,Tamara,Johnson-Shealey
"WARNOCK, RAPHAEL",S0GA00559,S,GA,0,DEM,INCUMBENT,Raphael Warnock,Raphael,Warnock
"ROCO, JOHN",S0HI00183,S,HI,,REP,,John Roco,John,Roco
"GRASSLEY, CHARLES E",S0IA00028,S,IA,0,REP,INCUMBENT,Chuck Grassley,Chuck,Grassley
"FLEMING, NATALIE M",S0ID00172,S,ID,0,REP,CHALLENGER,Natalie Fleming,Natalie,Fleming
"HUBBARD, PEGGY",S0IL00501,S,IL,0,REP,CHALLENGER,Peggy Hubbard,Peggy,Hubbard
"VLAKANCIC, CONNOR",S0IL00592,S,IL,0,REP,,Connor Vlakancic,Connor,Vlakancic
"MORAN, JERRY",S0KS00091,S,KS,0,REP,INCUMBENT,Jerry Moran,Jerry,Moran
"WIESNER, PATRICK",S0KS00166,S,KS,0,DEM,,Patrick Wiesner,Patrick,Wiesner
"PAUL, RAND",S0KY00156,S,KY,0,REP,INCUMBENT,Rand Paul,Rand,Paul
"BOOKER, CHARLES",S0KY00420,S,KY,0,DEM,CHALLENGER,Charles Booker,Charles,Booker
"JOHN, XAN MR.",S0LA00378,S,LA,0,OTH,CHALLENGER,Xan John,Xan,John
"SIGLER, AARON",S0LA00394,S,LA,,LIB,,Aaron Sigler,Aaron,Sigler
"DINE, JONATHAN",S0MO00340,S,MO,,LIB,,Jonathan Dine,Jonathan,Dine
"BRAY, SHANNON",S0NC00335,S,NC,0,LIB,OPEN,Shannon Bray,Shannon,Bray
"SMITH, ERICA DANETTE",S0NC00343,S,NC,0,DEM,OPEN,Erica Danette Smith,Erica Danette,Smith
"HOEVEN, JOHN",S0ND00093,S,ND,0,REP,INCUMBENT,John Hoeven,John,Hoeven
"BELOIN , GERARD",S0NH00284,S,NH,,REP,,Gerald Beloin,Gerald,Beloin
"BOLDUC, DONALD C.",S0NH00326,S,NH,0,REP,CHALLENGER,Don Bolduc,Don,Bolduc
"KRAUTMANN, PAUL J",S0NH00359,S,NH,,DEM,,Paul Krautmann,Paul,Krautmann
"SALEM, KHALED MR",S0NY00667,S,NY,0,DEM,CHALLENGER,Khaled Salem,Khaled,Salem
"ROGERS, BEVON",S0OK00354,S,OK,0,DEM,CHALLENGER,Bevon Rogers,Bevon,Rogers
"TOMPKINS, JOHN",S0OK00453,S,OK,,REP,CHALLENGER,John Tompkins,John,Tompkins
"TAHER, IBRAHIM",S0OR00329,S,OR,0,REP,CHALLENGER,Ibrahim Taher,Ibrahim,Taher
"LEE, MIKE",S0UT00165,S,UT,0,REP,INCUMBENT,Mike Lee,Mike,Lee
"FRIEDBAUM, JEREMY",S0UT00215,S,UT,0,REP,CHALLENGER,Jeremy Friedbaum,Jeremy,Friedbaum
"BRUNSON, LOY",S0UT00231,S,UT,0,REP,CHALLENGER,Loy Brunson,Loy,Brunson
"JOHNSON, RON HAROLD MR.",S0WI00197,S,WI,0,REP,INCUMBENT,Ron Johnson,Ron,Johnson
"NELSON, TOM",S0WI00247,S,WI,0,DEM,OPEN,Tom Nelson,Tom,Nelson
"SPEIGHTS, KARL W MR",S2AK00119,S,AK,0,REP,CHALLENGER,Karl Speights,Karl,Speights
"TSHIBAKA, KELLY",S2AK00127,S,AK,0,REP,CHALLENGER,Kelly Tshibaka,Kelly,Tshibaka
"LEE, HUHNKIE",S2AK00135,S,AK,0,UN,CHALLENGER,Huhnkie Lee,Huhnkie,Lee
"DARDEN, DUSTIN",S2AK00143,S,AK,0,AIP,CHALLENGER,Dustin Darden,Dustin,Darden
"LITTLE, SAMUAL",S2AK00150,S,AK,0,REP,CHALLENGER,Samual Little,Samual,Little
"THORNE, SEAN MICHAEL",S2AK00168,S,AK,0,LIB,CHALLENGER,Sean Michael Thorne,Sean Michael,Thorne
"STEPHENS, JOE TRUMP AKA NOT MURKOWSKI",S2AK00176,S,AK,0,AKI,CHALLENGER,Joe Stephens,Joe,Stephens
"GRAY-JACKSON, ELVI",S2AK00184,S,AK,0,DEM,CHALLENGER,Elvi Gray-Jackson,Elvi,Gray-Jackson
"TAYLOR, IVAN R",S2AK00192,S,AK,0,DEM,CHALLENGER,Ivan Taylor,Ivan,Taylor
"SEGOVIA, CARMEN",S2AK00200,S,AK,0,W,,Carmen Segovia,Carmen,Segovia
"GUNGURSTEIN, SHOSHANA",S2AK00218,S,AK,0,IND,,Shoshana Gungurstein,Shoshana,Gungurstein
"CHESBRO, PATRICIA",S2AK00226,S,AK,0,DEM,,Patricia Chesbro,Patricia,Chesbro
"MERRILL, SAMUEL ALLEN",S2AK00234,S,AK,0,REP,,Samuel Allen Merrill,Samuel Allen,Merrill
"KELLEY, BUZZ A.",S2AK00242,S,AK,,REP,,Buzz Kelley,Buzz,Kelley
"NOLIN, PAT L.",S2AK00259,S,AK,,REP,,Pat Nolin,Pat,Nolin
"SCHEISS, JOHN",S2AK00267,S,AK,,REP,,John Scheiss,John,Scheiss
"SHORKEY, KENDALL L.",S2AK00275,S,AK,,REP,,Kendall Shorkey,Kendall,Shorkey
"KELLER, JEREMY",S2AK00283,S,AK,,N,,Jeremy Keller,Jeremy,Keller
"DARDEN, DAVE H.",S2AK00291,S,AK,,UND,,Dave Darden,Dave,Darden
"DEAN, BRANDAUN",S2AL00111,S,AL,,DEM,OPEN,Brandaun Dean,Brandaun,Dean
"FLORY, JENNIFER LYNN MRS.",S2AL00129,S,AL,0,REP,CHALLENGER,Jennifer Lynn Flory,Jennifer Lynn,Flory
"BLANCHARD, LYNDA",S2AL00137,S,AL,0,REP,OPEN,Lynda Blanchard,Lynda,Blanchard
"BRITT, KATIE BOYD",S2AL00145,S,AL,0,REP,OPEN,Katie Boyd Britt,Katie Boyd,Britt
"TAYLOR, JESSICA",S2AL00152,S,AL,0,REP,OPEN,Jessica Taylor,Jessica,Taylor
"SCHAFER, JACOB MARC",S2AL00160,S,AL,0,REP,OPEN,Jacob Marc Schafer,Jacob Marc,Schafer
"DUNN, MICHAEL BLAKE",S2AL00178,S,AL,0,REP,OPEN,Michael Blake Dunn,Michael Blake,Dunn
"SANDERS, JARMAL JABBAR REV",S2AL00186,S,AL,0,UN,OPEN,Jarmal Jabbar Sander,Jarmal Jabbar,Sander
"BODDIE, LILLIE",S2AL00194,S,AL,0,REP,OPEN,Lillie Boddie,Lillie,Boddie
"DURANT, MICHAEL",S2AL00202,S,AL,0,REP,OPEN,Michael Durant,Michael,Durant
"BOWERS, RICHARD ADAM MR.",S2AL00210,S,AL,0,NPA,OPEN,Richard Adam Bowers,Richard Adam,Bowers
"DUPRIEST, KARLA",S2AL00228,S,AL,0,REP,OPEN,Karla Dupriest,Karla,Dupriest
"JACKSON, LANNY EDWARD MR.",S2AL00236,S,AL,0,DEM,OPEN,Lanny Edward Jackson,Lanny Edward,Jackson
"PRIDMORE, JAY P",S2AL00244,S,AL,0,REP,OPEN,Jay Pridmore,Jay,Pridmore
"BOYD, WILLIE EUGENE DR. JR.",S2AL00251,S,AL,0,DEM,OPEN,Willie Eugene Jr. Boyd,Willie Eugene Jr.,Boyd
"WILLIAMS, VICTOR MAGA PROF.",S2AL00277,S,AL,0,UNK,OPEN,Victor Williams,Victor,Williams
"FLOWERS, BRENT",S2AL00285,S,AL,0,DEM,OPEN,Brent Flowers,Brent,Flowers
"SOPHOCLEUS, JOHN",S2AL00293,S,AL,,LIB,,John Sophocleus,John,Sophocleus
"LOFTIS, HEATH PASTOR",S2AR00073,S,AR,0,REP,CHALLENGER,Heath Loftis,Heath,Loftis
"MORGAN, JAN",S2AR00081,S,AR,0,REP,CHALLENGER,Jan Morgan,Jan,Morgan
"DEEL, MICHAEL",S2AR00099,S,AR,0,REP,CHALLENGER,Michael Deel,Michael,Deel
"BEQUETTE, JAKE MR.",S2AR00107,S,AR,0,REP,CHALLENGER,Jake Bequette,Jake,Bequette
"JAMES, NATALIE",S2AR00115,S,AR,0,DEM,CHALLENGER,Natalie James,Natalie,James
"FOSTER, JACK EDWARD",S2AR00123,S,AR,0,DEM,CHALLENGER,Jack Edward Foster,Jack Edward,Foster
"CATES, KENNETH",S2AR00131,S,AR,,LIB,,Kenneth Cates,Kenneth,Cates
"SHIRRELL, STUART F",S2AR00149,S,AR,,IND,,Stuart Shirrell,Stuart,Shirrell
"GANT, RICHARD 'NAP'",S2AR00156,S,AR,,WI,,Nap Gant,Nap,Gant
"GARNER, JAMES",S2AR00164,S,AR,,WI,,James Garner,James,Garner
"VICTOR, MARC J",S2AZ00299,S,AZ,0,LIB,CHALLENGER,Marc Victor,Marc,Victor
"PAVEZA, ROBERT",S2AZ00323,S,AZ,0,REP,CHALLENGER,Robert Paveza,Robert,Paveza
"LAMON, JIM MR",S2AZ00331,S,AZ,0,REP,CHALLENGER,Jim Lamon,Jim,Lamon
"MCGUIRE, MICHAEL MICK",S2AZ00349,S,AZ,0,REP,CHALLENGER,Michael Mick Mcguire,Michael Mick,Mcguire
"BRNOVICH, MARK MR.",S2AZ00356,S,AZ,0,REP,CHALLENGER,Mark Brnovich,Mark,Brnovich
"PRABHALA, KEERTHI KIRAN MR",S2AZ00364,S,AZ,0,REP,CHALLENGER,Keerthi Kiran Prabhala,Keerthi Kiran,Prabhala
"MASTERS, BLAKE",S2AZ00372,S,AZ,0,REP,CHALLENGER,Blake Masters,Blake,Masters
"OLSON, JUSTIN",S2AZ00380,S,AZ,0,REP,CHALLENGER,Justin Olson,Justin,Olson
"STREETER, JAMES DOUGLAS",S2AZ00398,S,AZ,0,REP,CHALLENGER,James Douglas Streeter,James Douglas,Streeter
"BERTONE, FRANK",S2AZ00422,S,AZ,0,REP,CHALLENGER,Frank Bertone,Frank,Bertone
"VAN ANTWERP, JONATHAN LEE",S2AZ00430,S,AZ,0,DEM,,Jonathan Lee Van Antwerp,Jonathan Lee,Van Antwerp
"BOZIC, DAVID",S2AZ00448,S,AZ,,W,,David Bozic,David,Bozic
"CARROLL, JERRY LEON",S2CA00591,S,CA,0,OTH,CHALLENGER,Jerry Leon Carroll,Jerry Leon,Carroll
"GUTIERREZ, PAUL ANTHONY",S2CA00849,S,CA,0,REP,CHALLENGER,Paul Anthony Gutierrez,Paul Anthony,Gutierrez
"WILLIAMS, BRANT JOHN-MICHAEL",S2CA00856,S,CA,0,IND,CHALLENGER,Brant John-Michael Williams,Brant John-Michael,Williams
"WHITNEY, ELLERTON PRATT MARK MR. III",S2CA00864,S,CA,0,LIB,CHALLENGER,Ellerton Pratt Mark III Whitney,Ellerton Pratt Mark III,Whitney
"LIEW, SARAH DR.",S2CA00872,S,CA,0,REP,CHALLENGER,Sarah Liew,Sarah,Liew
"LIU, PETER Y",S2CA00880,S,CA,0,REP,CHALLENGER,Peter Liu,Peter,Liu
"LUCERO, ROBERT GEORGE MR JR",S2CA00898,S,CA,0,REP,CHALLENGER,Robert George Jr Lucero,Robert George Jr,Lucero
"URBINA, ERIK",S2CA00906,S,CA,0,REP,CHALLENGER,Erik Urbina,Erik,Urbina
"THACH, MARY",S2CA00914,S,CA,0,NNE,CHALLENGER,Mary Thach,Mary,Thach
"KEIVAULQE AUTIAMEINEIRE, FEPBRINA ESTRELVIA",S2CA00922,S,CA,0,OTH,CHALLENGER,Fepbrina Estrelvia Keivaulqe Autiameineire,Fepbrina Estrelvia,Keivaulqe Autiameineire
"HERLE, DHRUVA",S2CA00930,S,CA,0,DEM,CHALLENGER,Dhruva Herle,Dhruva,Herle
"ZHOU, LIJUN (LILY)",S2CA00948,S,CA,,REP,CHALLENGER,Lily Zhou,Lily,Zhou
"PADILLA, ALEX",S2CA00955,S,CA,0,DEM,INCUMBENT,Alex Padilla,Alex,Padilla
"AINSWORTH, BRIAN KEVIN",S2CA00963,S,CA,0,REP,CHALLENGER,Brian Kevin Ainsworth,Brian Kevin,Ainsworth
"TAYLOR, PAUL A MR",S2CA00971,S,CA,0,REP,CHALLENGER,Paul Taylor,Paul,Taylor
"INGRAM, DENARD TYRONE",S2CA00989,S,CA,0,DEM,CHALLENGER,Denard Tyrone Ingram,Denard Tyrone,Ingram
"GIRARD, YVONNE RENEE",S2CA00997,S,CA,0,REP,CHALLENGER,Yvonne Renee Girard,Yvonne Renee,Girard
"HENG, ELIZABETH",S2CA01003,S,CA,0,REP,CHALLENGER,Elizabeth Heng,Elizabeth,Heng
"TAYLOR, ERNEST JUNIOR",S2CA01029,S,CA,0,DEM,CHALLENGER,Ernest Junior Taylor,Ernest Junior,Taylor
"KHENSON, MAX",S2CA01037,S,CA,0,DEM,CHALLENGER,Max Khenson,Max,Khenson
"MEHTA, URVISHKUMAR MR",S2CA01045,S,CA,0,FED,CHALLENGER,Urvishkumar Mehta,Urvishkumar,Mehta
"PIRJADA, OBAIDUL HUQ",S2CA01052,S,CA,0,DEM,CHALLENGER,Obaidul Huq Pirjada,Obaidul Huq,Pirjada
"MEUSER, MARK",S2CA01060,S,CA,0,REP,CHALLENGER,Mark Meuser,Mark,Meuser
"CONN, JAMES HENRY",S2CA01078,S,CA,0,GRE,CHALLENGER,James Henry Conn,James Henry,Conn
"WILLIAMS, CORDIE LEE DR.",S2CA01094,S,CA,0,REP,CHALLENGER,Cordie Lee Williams,Cordie Lee,Williams
"TEMURI, PRINCE MUHAMMAD ALI HH",S2CA01102,S,CA,0,UPP,CHALLENGER,Prince Muhammad Ali Hh Temuri,Prince Muhammad Ali Hh,Temuri
"SMITH, CHARLES E",S2CA01110,S,CA,0,REP,CHALLENGER,Charles Smith,Charles,Smith
"SQUAREPANTS, SPONGEBOB JOHN MR",S2CA01128,S,CA,0,REP,CHALLENGER,Spongebob John Squarepants,Spongebob John,Squarepants
"SQUAREPANTS, SPONGEBOB ADAM MR JR",S2CA01136,S,CA,0,LIB,CHALLENGER,Spongebob Adam Jr Squarepants,Spongebob Adam Jr,Squarepants
"RATLIFF, IRENE",S2CA01169,S,CA,,NOP,CHALLENGER,Irene Ratliff,Irene,Ratliff
"HOLLETT-BILLINGSLEY, CHLOE",S2CA01177,S,CA,0,DEM,CHALLENGER,Chloe Hollett-Billingsley,Chloe,Hollett-Billingsley
"HALL, MYRON LOUIS DR.",S2CA01185,S,CA,0,REP,CHALLENGER,Myron Louis Hall,Myron Louis,Hall
"THEODORE, CHRIS MARK MR.",S2CA01201,S,CA,0,DEM,CHALLENGER,Chris Mark Theodore,Chris Mark,Theodore
"ARNOLD, MARIE ENCAR A",S2CA01227,S,CA,0,DEM,CHALLENGER,Marie Encar Arnold,Marie Encar,Arnold
"ELIST, JON",S2CA01250,S,CA,0,REP,CHALLENGER,Jon Elist,Jon,Elist
"REYNOLDS, TODD",S2CA01268,S,CA,0,DEM,CHALLENGER,Todd Reynolds,Todd,Reynolds
"URSICH, TIMOTHY J DR",S2CA01276,S,CA,0,DEM,CHALLENGER,Timothy Ursich,Timothy,Ursich
"O'DOWD, DAN",S2CA01284,S,CA,0,DEM,CHALLENGER,Dan O'Dowd,Dan,O'Dowd
"LOVE, BARRY PAUL",S2CA01292,S,CA,0,REP,CHALLENGER,Barry Paul Love,Barry Paul,Love
"PETRIS, ENRIQUE",S2CA01300,S,CA,,REP,,Enrique Petris,Enrique,Petris
"TAPIA, CARLOS GUILLERMO",S2CA01318,S,CA,,REP,,Carlos Guillermo Tapia,Carlos Guillermo,Tapia
"ROTH, MARC ALEXANDER",S2CA01326,S,CA,,NOP,,Marc Alexander Roth,Marc Alexander,Roth
"RUZON, MARK A",S2CA01334,S,CA,,NOP,,Mark Ruzon,Mark,Ruzon
"HENRY, JULI",S2CO00159,S,CO,0,REP,CHALLENGER,Juli Henry,Juli,Henry
"YU, PETER",S2CO00167,S,CO,0,REP,CHALLENGER,Peter Yu,Peter,Yu
"AADLAND, ERIK",S2CO00175,S,CO,0,REP,CHALLENGER,Erik Aadland,Erik,Aadland
"BRESLIN, KAREN",S2CO00191,S,CO,0,DEM,CHALLENGER,Karen Breslin,Karen,Breslin
"BREMER, ELI",S2CO00209,S,CO,0,REP,CHALLENGER,Eli Bremer,Eli,Bremer
"TREVI?O, AARON DAVID",S2CO00217,S,CO,0,NPA,CHALLENGER,Aaron David Trevi?O,Aaron David,Trevi?O
"CAMPANA, GINO",S2CO00225,S,CO,0,REP,CHALLENGER,Gino Campana,Gino,Campana
"HANKS, RON",S2CO00233,S,CO,0,REP,CHALLENGER,Ron Hanks,Ron,Hanks
"O'DEA, JOSEPH MATTHEW",S2CO00241,S,CO,0,REP,CHALLENGER,Joseph Matthew O'Dea,Joseph Matthew,O'Dea
"FLORA, DEBORAH",S2CO00258,S,CO,0,REP,CHALLENGER,Deborah Flora,Deborah,Flora
"ANDERSON, TEAL'C MR",S2CO00266,S,CO,0,FRE,CHALLENGER,Teal'C Anderson,Teal'C,Anderson
"MOORE, GREGORY JOHN DR.",S2CO00274,S,CO,0,REP,CHALLENGER,Gregory John Moore,Gregory John,Moore
"HENDRICKS, DANIEL",S2CO00282,S,CO,,REP,CHALLENGER,Daniel Hendricks,Daniel,Hendricks
"ATWOOD, FRANK FISHER",S2CO00308,S,CO,,OTH,CHALLENGER,Frank Fisher Atwood,Frank Fisher,Atwood
"HYDE, ROBERT FINLEY",S2CT00256,S,CT,0,REP,CHALLENGER,Robert Finley Hyde,Robert Finley,Hyde
"FLYNN, JOHN J",S2CT00264,S,CT,0,REP,CHALLENGER,John Flynn,John,Flynn
"LUMAJ, PJERIN (PETER)",S2CT00272,S,CT,0,REP,CHALLENGER,Peter Lumaj,Peter,Lumaj
"NARWHAL, DEXTER",S2CT00298,S,CT,0,IND,CHALLENGER,Dexter Narwhal,Dexter,Narwhal
"KLARIDES, THEMIS",S2CT00306,S,CT,0,REP,CHALLENGER,Themis Klarides,Themis,Klarides
"LEVY, LEORA",S2CT00314,S,CT,0,REP,CHALLENGER,Leora Levy,Leora,Levy
"CONNORS, NICHOLAS",S2CT00322,S,CT,0,REP,CHALLENGER,Nicholas Connors,Nicholas,Connors
"HYDUCHAK, ANDREW",S2CT00330,S,CT,0,NNE,CHALLENGER,Andrew Hyduchak,Andrew,Hyduchak
"TALMADGE, KRISTI L",S2CT00348,S,CT,0,UN,,Kristi Talmadge,Kristi,Talmadge
"MULDER, FOX MR",S2DC00021,S,DC,0,DEM,CHALLENGER,Fox Mulder,Fox,Mulder
"GRANDA, GRACE",S2FL00425,S,FL,0,UNK,CHALLENGER,Grace Granda,Grace,Granda
"BARBERENA, CARLOS JOSE",S2FL00433,S,FL,0,NPA,CHALLENGER,Carlos Jose Barberena,Carlos Jose,Barberena
"LAROSE, JOSUE",S2FL00441,S,FL,0,DEM,CHALLENGER,Josue Larose,Josue,Larose
"ELLISON, ALLEN",S2FL00458,S,FL,0,DEM,CHALLENGER,Allen Ellison,Allen,Ellison
"WEIL, JOSHUA JOSEPH",S2FL00466,S,FL,0,DEM,CHALLENGER,Joshua Joseph Weil,Joshua Joseph,Weil
"LOUBRIEL, JAKE PHILIP",S2FL00474,S,FL,0,REP,CHALLENGER,Jake Philip Loubriel,Jake Philip,Loubriel
"ABUD, EDWARD",S2FL00482,S,FL,0,DEM,CHALLENGER,Edward Abud,Edward,Abud
"MIGUEL, LUIS",S2FL00490,S,FL,0,REP,CHALLENGER,Luis Miguel,Luis,Miguel
"GRANT, STEVEN B",S2FL00508,S,FL,0,NPA,CHALLENGER,Steven Grant,Steven,Grant
"HOLIC, JASON KYLE",S2FL00516,S,FL,0,NNE,OPEN,Jason Kyle Holic,Jason Kyle,Holic
"WALLS-WINDHAUSER, M. ANGELA",S2FL00524,S,FL,0,REP,CHALLENGER,M. Angela Walls-Windhauser,M. Angela,Walls-Windhauser
"PINNEY, DWAYNE",S2FL00532,S,FL,0,REP,CHALLENGER,Dwayne Pinney,Dwayne,Pinney
"BENNETT, SHANTELE RENEE N/A",S2FL00540,S,FL,0,UN,CHALLENGER,Shantele Renee Bennett,Shantele Renee,Bennett
"DRIGGERS, CALVIN JOB",S2FL00557,S,FL,0,REP,CHALLENGER,Calvin Job Driggers,Calvin Job,Driggers
"GRAYSON, ALAN MARK",S2FL00581,S,FL,10,DEM,CHALLENGER,Alan Mark Grayson,Alan Mark,Grayson
"MILLER, ERVAN KATARI",S2FL00599,S,FL,0,REP,CHALLENGER,Ervan Katari Miller,Ervan Katari,Miller
"PASTRANA, ALLEK",S2FL00607,S,FL,0,DEM,CHALLENGER,Allek Pastrana,Allek,Pastrana
"MISIGOY, DENNIS",S2FL00615,S,FL,0,LIB,CHALLENGER,Dennis Misigoy,Dennis,Misigoy
"SANCHEZ, WILLIAM",S2FL00623,S,FL,0,DEM,CHALLENGER,William Sanchez,William,Sanchez
"DEMINGS, VAL",S2FL00631,S,FL,0,DEM,CHALLENGER,Val Demings,Val,Demings
"RUSSELL, KEN",S2FL00649,S,FL,27,DEM,CHALLENGER,Ken Russell,Ken,Russell
"NGUYEN, QUOC TUAN MR.",S2FL00656,S,FL,0,NPA,CHALLENGER,Quoc Tuan Nguyen,Quoc Tuan,Nguyen
"DEVINE, TIMOTHY MICHAEL",S2FL00664,S,FL,0,W,CHALLENGER,Timothy Michael Devine,Timothy Michael,Devine
"WATSON, COLEMAN",S2FL00672,S,FL,0,DEM,CHALLENGER,Coleman Watson,Coleman,Watson
"FOX, ALBERT A MR JR",S2FL00680,S,FL,0,DEM,CHALLENGER,Albert Jr Fox,Albert Jr,Fox
"SAIDE, AHMAD JR",S2FL00698,S,FL,0,NNE,CHALLENGER,Ahmad Jr Saide,Ahmad Jr,Saide
"DEPUY, KEVIN C GYSGT",S2FL00706,S,FL,0,REP,CHALLENGER,Kevin C Gysgt Depuy,Kevin C Gysgt,Depuy
"EKPETE, ULOMA UMA DR.",S2FL00714,S,FL,0,W,CHALLENGER,Uloma Uma Ekpete,Uloma Uma,Ekpete
"HERNANDEZ, SALOMON SR.",S2FL00722,S,FL,0,W,CHALLENGER,Salomon Sr. Hernandez,Salomon Sr.,Hernandez
"QUILES, MOSES J",S2FL00730,S,FL,0,NNE,CHALLENGER,Moses Quiles,Moses,Quiles
"RUSH, BRIAN P",S2FL00748,S,FL,0,DEM,,Brian P Rush,Brian P,Rush
"DE LA FUENTE, RICARDO",S2FL00763,S,FL,0,DEM,,Ricardo De La Fuente,Ricardo,De La Fuente
"SADDLER, LATHAM",S2GA00175,S,GA,0,REP,CHALLENGER,Latham Saddler,Latham,Saddler
"KING, KELVIN",S2GA00183,S,GA,0,REP,CHALLENGER,Kelvin King,Kelvin,King
"NESTOR, JAMES EDWARD MR.",S2GA00191,S,GA,0,REP,CHALLENGER,James Edward Nestor,James Edward,Nestor
"BLACK, GARY",S2GA00209,S,GA,0,REP,CHALLENGER,Gary Black,Gary,Black
"CRAIG, JARED B ESQ",S2GA00217,S,GA,0,REP,CHALLENGER,Jared Craig,Jared,Craig
"WALKER, HERSCHEL MR.",S2GA00225,S,GA,0,REP,CHALLENGER,Herschel Walker,Herschel,Walker
"JOHNSON, ERIC CHASE",S2GA00233,S,GA,0,IND,CHALLENGER,Eric Chase Johnson,Eric Chase,Johnson
"LITCHFIELD, GEORGE E MR. II",S2GA00258,S,GA,0,CRV,CHALLENGER,George II Litchfield,George II,Litchfield
"CLARK, JOSHUA STEPHEN",S2GA00266,S,GA,0,REP,CHALLENGER,Joshua Stephen Clark,Joshua Stephen,Clark
"CHASE, OLIVER",S2GA00274,S,GA,0,LIB,CHALLENGER,Oliver Chase,Oliver,Chase
"MCCOLUMN, JONATHAN MR",S2GA00282,S,GA,0,REP,CHALLENGER,Jonathan Mccolumn,Jonathan,Mccolumn
"JACKSON, ANNETTE JACKSON",S2GA00308,S,GA,0,W,,Annette Jackson,Annette,Jackson
"MCDERMOTT, ROBERT C",S2HI00155,S,HI,0,REP,CHALLENGER,Robert Mcdermott,Robert,Mcdermott
"LAVONNE, ASIA",S2HI00163,S,HI,0,REP,CHALLENGER,Asia Lavonne,Asia,Lavonne
"BONOAN, FEENA",S2HI00171,S,HI,0,LIB,CHALLENGER,Feena Bonoan,Feena,Bonoan
"COLLINS, CHARLES AUGUSTINE MR",S2HI00189,S,HI,0,REP,CHALLENGER,Charles Augustine Collins,Charles Augustine,Collins
"DALHOUSE, TIMOTHY ALAN MR.",S2HI00197,S,HI,0,REP,,Timothy Alan Dalhouse,Timothy Alan,Dalhouse
"POHLMAN, EMMA JANE AVILA",S2HI00205,S,HI,0,GRE,,Emma Jane Avila Pohlman,Emma Jane Avila,Pohlman
"DECKER, DANIEL BURT MR IV",S2HI00213,S,HI,0,OTH,,Daniel Burt IV Decker,Daniel Burt IV,Decker
"CHRISTIAN, WALLYN",S2HI00221,S,HI,,REP,,Wallyn Christian,Wallyn,Christian
"BOND, STEVEN R.",S2HI00239,S,HI,,REP,,Steven Bond,Steven,Bond
"CARLIN, JAMES M.",S2IA00131,S,IA,0,REP,CHALLENGER,James Carlin,James,Carlin
"MUHLBAUER, DAVE MR.",S2IA00149,S,IA,0,DEM,CHALLENGER,Dave Muhlbauer,Dave,Muhlbauer
"HURST, GLENN",S2IA00156,S,IA,0,DEM,CHALLENGER,Glenn Hurst,Glenn,Hurst
"FINKENAUER, ABBY",S2IA00164,S,IA,0,DEM,CHALLENGER,Abby Finkenauer,Abby,Finkenauer
"FRANKEN, MICHAEL T",S2IA00172,S,IA,0,DEM,CHALLENGER,Michael Franken,Michael,Franken
"FOSTER, ANDREW JACKSON V",S2IA00180,S,IA,0,REP,CHALLENGER,Andrew Jackson Foster,Andrew Jackson,Foster
"GILBERT, JEREMY JOSEPH",S2ID00111,S,ID,0,REP,CHALLENGER,Jeremy Joseph Gilbert,Jeremy Joseph,Gilbert
"TROTTER, JAMES SCOTT",S2ID00129,S,ID,0,REP,CHALLENGER,James Scott Trotter,James Scott,Trotter
"LITTLE, MIKE JAMES MR JR",S2ID00137,S,ID,0,REP,CHALLENGER,Mike James Jr Little,Mike James Jr,Little
"CLEVELAND, SCOTT OH",S2ID00145,S,ID,0,UN,CHALLENGER,Scott Oh Cleveland,Scott Oh,Cleveland
"NICHOLS, THEODORE NICHOLS",S2ID00152,S,ID,0,DEM,CHALLENGER,Theodore Nichols Nichols,Theodore Nichols,Nichols
"BOURN, BRENDA",S2ID00160,S,ID,0,REP,CHALLENGER,Brenda Bourn,Brenda,Bourn
"ROTH, DAVID JORDAN",S2ID00178,S,ID,0,DEM,CHALLENGER,David Jordan Roth,David Jordan,Roth
"TURNBULL, RAMONT",S2ID00186,S,ID,,REP,CHALLENGER,Ramont Turnbull,Ramont,Turnbull
"PURSLEY, BENJAMIN",S2ID00194,S,ID,0,DEM,CHALLENGER,Benjamin Pursley,Benjamin,Pursley
"SIERRA, CARTA REALE",S2ID00202,S,ID,,LIB,CHALLENGER,Carta Reale Sierra,Carta Reale,Sierra
"SALINAS, ALLISON",S2IL00143,S,IL,0,REP,CHALLENGER,Allison Salinas,Allison,Salinas
"ARVIEW, TIMOTHY C",S2IL00150,S,IL,0,REP,CHALLENGER,Timothy Arview,Timothy,Arview
"CRUZ, ROBERT ROB",S2IL00168,S,IL,0,REP,CHALLENGER,Rob Cruz,Rob,Cruz
"HAUSKINS, DANIEL OBAMA MR JR",S2IL00176,S,IL,0,GWP,CHALLENGER,Daniel Hauskins,Daniel,Hauskins
"PITON, ROBERT 'BOBBY'",S2IL00184,S,IL,0,REP,CHALLENGER,Bobby Piton,Bobby,Piton
"WALLACE, ERIC M",S2IL00192,S,IL,0,REP,CHALLENGER,Eric Wallace,Eric,Wallace
"CHLEBEK, CASEY",S2IL00200,S,IL,0,REP,CHALLENGER,Casey Chlebek,Casey,Chlebek
"WALKER, IESHA NICOLE",S2IL00218,S,IL,0,DEM,CHALLENGER,Iesha Nicole Walker,Iesha Nicole,Walker
"REDPATH, WILLIAM MR.",S2IL00226,S,IL,0,LIB,CHALLENGER,William Redpath,William,Redpath
"TILLMAN, JIMMY LEE II",S2IL00234,S,IL,0,REP,CHALLENGER,Jimmy Lee II Tillman,Jimmy Lee II,Tillman
"HUDSON, LANETTE MS",S2IL00242,S,IL,0,REP,CHALLENGER,Lanette Hudson,Lanette,Hudson
"DUBIEL, MATTHEW JAMES",S2IL00259,S,IL,0,REP,CHALLENGER,Matthew James Dubiel,Matthew James,Dubiel
"SALVI, KATHY RAYE",S2IL00267,S,IL,0,REP,CHALLENGER,Kathy Raye Salvi,Kathy Raye,Salvi
"HORGES, BRADLEY LAMAR MR. JR.",S2IL00283,S,IL,0,W,,Bradley Lamar Jr. Horges,Bradley Lamar Jr.,Horges
"WILLIAMS, ANTHONY W",S2IL00291,S,IL,,REP,,Anthony Williams,Anthony,Williams
"MARCOTTE, KELLY LYNN MS",S2IL00309,S,IL,0,DEM,,Kelly Lynn Marcotte,Kelly Lynn,Marcotte
"KHAALIQ, HANEEFAH MS.",S2IN00133,S,IN,0,DEM,CHALLENGER,Haneefah Khaaliq,Haneefah,Khaaliq
"GABEHART, JASON",S2IN00158,S,IN,0,IND,CHALLENGER,Jason Gabehart,Jason,Gabehart
"MCCRAY, VALERIE L DR",S2IN00166,S,IN,0,DEM,CHALLENGER,Valerie Mccray,Valerie,Mccray
"KIZIK, ELLEN MS.",S2IN00174,S,IN,0,NON,CHALLENGER,Ellen Kizik,Ellen,Kizik
"NIEDERBERGER, DANIEL MR",S2IN00182,S,IN,0,REP,CHALLENGER,Daniel Niederberger,Daniel,Niederberger
"X, MALCOLM MR.",S2IN00190,S,IN,0,DEM,CHALLENGER,Malcolm X,Malcolm,X
"MCDERMOTT, THOMAS M. JR",S2IN00208,S,IN,0,DEM,CHALLENGER,Thomas Jr Mcdermott,Thomas Jr,Mcdermott
"PIPER, JOHN",S2IN00232,S,IN,0,REP,CHALLENGER,John Piper,John,Piper
"HENRY, WILL",S2IN00281,S,IN,0,LIB,CHALLENGER,Will Henry,Will,Henry
"SCENIAK, JAMES",S2IN00307,S,IN,0,LIB,,James Sceniak,James,Sceniak
"YOUNG, ALEEM MR",S2IN00315,S,IN,0,IND,,Aleem Young,Aleem,Young
"SOETAERT, MICHAEL",S2KS00097,S,KS,0,DEM,CHALLENGER,Michael Soetaert,Michael,Soetaert
"HOLLAND, MARK R. REV.",S2KS00113,S,KS,0,DEM,CHALLENGER,Mark Holland,Mark,Holland
"KLINGENBERG, ROBERT JOSEPH",S2KS00121,S,KS,0,DEM,CHALLENGER,Robert Joseph Klingenberg,Robert Joseph,Klingenberg
"BUSKIRK, PAUL",S2KS00139,S,KS,0,DEM,,Paul Buskirk,Paul,Buskirk
"ANDRA, MIKE",S2KS00147,S,KS,,DEM,,Mike Andra,Mike,Andra
"GRAHAM, DAVID C.",S2KS00154,S,KS,,LIB,CHALLENGER,David Graham,David,Graham
"GAO, RUTH DR.",S2KY00111,S,KY,0,DEM,CHALLENGER,Ruth Gao,Ruth,Gao
"FREDRICK, VAL DR",S2KY00129,S,KY,0,REP,CHALLENGER,Val Fredrick,Val,Fredrick
"STAINFIELD, TAMI L.",S2KY00137,S,KY,0,REP,CHALLENGER,Tami Stainfield,Tami,Stainfield
"BIERY, DAVID",S2KY00145,S,KY,0,LIB,CHALLENGER,David Biery,David,Biery
"BLANTON, JOSHUA WESLEY SR.",S2KY00152,S,KY,,DEM,CHALLENGER,Joshua Wesley Sr. Blanton,Joshua Wesley Sr.,Blanton
"MERRILL, JOHN",S2KY00160,S,KY,,DEM,CHALLENGER,John Merrill,John,Merrill
"BLANKENSHIP, ARNOLD",S2KY00178,S,KY,,REP,CHALLENGER,Arnold Blankenship,Arnold,Blankenship
"HAMILTON, PAUL V",S2KY00186,S,KY,,REP,CHALLENGER,Paul Hamilton,Paul,Hamilton
"SCHIESS, JOHN",S2KY00194,S,KY,,REP,CHALLENGER,John Schiess,John,Schiess
"THOMASON, CHARLES LEE",S2KY00202,S,KY,0,DEM,,Charles Lee Thomason,Charles Lee,Thomason
"PARHAM, NICHOLAS",S2LA00127,S,LA,0,IND,CHALLENGER,Nicholas Parham,Nicholas,Parham
"MIXON, LUKE",S2LA00135,S,LA,0,DEM,CHALLENGER,Luke Mixon,Luke,Mixon
"VICTORIAN, MICHAEL DUKES",S2LA00143,S,LA,0,SLP,CHALLENGER,Michael Dukes Victorian,Michael Dukes,Victorian
"CHAMBERS, GARY JR.",S2LA00150,S,LA,0,DEM,CHALLENGER,Gary Jr. Chambers,Gary Jr.,Chambers
"STEIB, SYRITA",S2LA00168,S,LA,0,DEM,CHALLENGER,Syrita Steib,Syrita,Steib
"KYDER, ALBERT",S2LA00176,S,LA,0,REP,,Albert Kyder,Albert,Kyder
"MENDOZA, MANLIO VINICIO",S2LA00184,S,LA,0,DEM,,Vinny Mendoza,Vinny,Mendoza
"FARRIS, JADEN THOMAS MR.",S2MD00511,S,MD,0,DEM,CHALLENGER,Jaden Thomas Farris,Jaden Thomas,Farris
"SMITH, MICHELLE LAURENCE MS",S2MD00529,S,MD,0,DEM,CHALLENGER,Michelle Laurence Smith,Michelle Laurence,Smith
"MCGREEVEY, JONATHAN A DR",S2MD00545,S,MD,0,REP,CHALLENGER,Jonathan Mcgreevey,Jonathan,Mcgreevey
"TARANTIN, JAMES",S2MD00552,S,MD,0,REP,CHALLENGER,James Tarantin,James,Tarantin
"HAWKINS, REBA",S2MD00578,S,MD,0,REP,CHALLENGER,Reba Hawkins,Reba,Hawkins
"THORMANN, JOHN H. IV",S2MD00586,S,MD,0,REP,CHALLENGER,John IV Thormann,John IV,Thormann
"PEREZ, JOSEPH MR.",S2MD00594,S,MD,0,REP,CHALLENGER,Joseph Perez,Joseph,Perez
"FRIEND, LORIE R",S2MD00602,S,MD,0,REP,CHALLENGER,Lorie Friend,Lorie,Friend
"NAI, AKO",S2MD00610,S,MD,,DEM,,Ako Nai,Ako,Nai
"GRIFFIN, SCOTTIE JO DR.",S2MD00628,S,MD,0,DEM,,Scottie Jo Griffin,Scottie Jo,Griffin
"DAVIS, GEORGE",S2MD00636,S,MD,,REP,,George Davis,George,Davis
"PUGLISI, TODD A.",S2MD00644,S,MD,,REP,,Todd Puglisi,Todd,Puglisi
"BROWN, THEODIS SR",S2MO00122,S,MO,0,IND,,Theodis Brown,Theodis,Brown
"SHEPARD, TIMOTHY JACOB",S2MO00460,S,MO,0,DEM,OPEN,Timothy Jacob Shepard,Timothy Jacob,Shepard
"SIFTON, SCOTT MR.",S2MO00478,S,MO,0,DEM,OPEN,Scott Sifton,Scott,Sifton
"STRAUSS, NICHOLAS CRANE",S2MO00486,S,MO,0,UNK,OPEN,Nicholas Crane Strauss,Nicholas Crane,Strauss
"KELLY, JEWEL WILLIAM JR",S2MO00494,S,MO,0,DEM,OPEN,Jewel William Jr Kelly,Jewel William Jr,Kelly
"NICHOLAS CRANE, STRAUSS",S2MO00502,S,MO,0,,OPEN,Strauss Nicholas Crane,Strauss,Nicholas Crane
"BRINKMANN, JOHN MICHAEL",S2MO00510,S,MO,0,REP,OPEN,John Michael Brinkmann,John Michael,Brinkmann
"KUNCE, LUCAS",S2MO00528,S,MO,0,DEM,OPEN,Lucas Kunce,Lucas,Kunce
"GREITENS, ERIC",S2MO00536,S,MO,0,REP,OPEN,Eric Greitens,Eric,Greitens
"SCHMITT, ERIC",S2MO00544,S,MO,0,REP,OPEN,Eric Schmitt,Eric,Schmitt
"TODER, SPENCER ROSS",S2MO00551,S,MO,0,DEM,OPEN,Spencer Ross Toder,Spencer Ross,Toder
"PORTER, DESHON",S2MO00569,S,MO,0,REP,OPEN,Deshon Porter,Deshon,Porter
"MCQUEEN, ELDON DAN",S2MO00577,S,MO,0,REP,OPEN,Eldon Dan Mcqueen,Eldon Dan,Mcqueen
"MCCLOSKEY, MARK T",S2MO00585,S,MO,0,REP,OPEN,Mark Mccloskey,Mark,Mccloskey
"HARTZLER, VICKY J",S2MO00593,S,MO,0,REP,OPEN,Vicky Hartzler,Vicky,Hartzler
"PRICE, STEVEN CRAIG",S2MO00601,S,MO,0,IND,OPEN,Steven Craig Price,Steven Craig,Price
"SIMS, DAVID E. MR.",S2MO00627,S,MO,0,REP,OPEN,David Sims,David,Sims
"ALAM, MD RABBI DR",S2MO00635,S,MO,0,DEM,OPEN,Md Alam,Md,Alam
"SCHATZ, DAVE",S2MO00643,S,MO,0,REP,OPEN,Dave Schatz,Dave,Schatz
"ROSS, GENA DR.",S2MO00650,S,MO,0,DEM,OPEN,Gena Ross,Gena,Ross
"TUNNELL, LEONARD",S2MO00668,S,MO,0,REP,OPEN,Leonard Tunnell,Leonard,Tunnell
"HURLA, ANDREW",S2MO00676,S,MO,0,DEM,OPEN,Andrew Hurla,Andrew,Hurla
"ROLEN, LEWIS WARREN MR.",S2MO00684,S,MO,0,DEM,OPEN,Lewis Warren Rolen,Lewis Warren,Rolen
"BUSCH VALENTINE, TRUDY",S2MO00692,S,MO,0,DEM,OPEN,Trudy Busch Valentine,Trudy,Busch Valentine
"JOINER, RICKY",S2MO00700,S,MO,0,REP,OPEN,Ricky Joiner,Ricky,Joiner
"KELLY, PATRICK DANIEL",S2MO00718,S,MO,0,DEM,OPEN,Patrick Daniel Kelly,Patrick Daniel,Kelly
"LONG, BILLY",S2MO00726,S,MO,0,REP,,Billy Long,Billy,Long
"WOOD, JOHN FREDERICK",S2MO00734,S,MO,0,IND,,John Frederick Wood,John Frederick,Wood
"HARRIS, RONALD",S2MO00742,S,MO,,DEM,,Ronald Harris,Ronald,Harris
"SHIPP, JOSH",S2MO00759,S,MO,,DEM,,Josh Shipp,Josh,Shipp
"TAYLOR, CLARENCE (CLAY)",S2MO00767,S,MO,,DEM,,Clay Taylor,Clay,Taylor
"ALLEN, ROBERT",S2MO00775,S,MO,,REP,,Robert Allen,Robert,Allen
"BREYFOGLE, RUSSEL PEALER JR.",S2MO00783,S,MO,,REP,,Russel Pealer Jr. Breyfogle,Russel Pealer Jr.,Breyfogle
"CHILTON, DENNIS LEE",S2MO00791,S,MO,,REP,,Dennis Lee Chilton,Dennis Lee,Chilton
"GARDNER, C.W.",S2MO00809,S,MO,,REP,,C.W. Gardner,C.W.,Gardner
"MCCLANAHAN, DARRELL LEON III",S2MO00817,S,MO,,REP,,Darrell Leon III McClanahan,Darrell Leon III,McClanahan
"MCELROY, ERIC",S2MO00825,S,MO,,REP,,Eric Mcelroy,Eric,Mcelroy
"OLSON, ROBERT",S2MO00833,S,MO,,REP,,Robert Olson,Robert,Olson
"SCHEPERS, KEVIN C.",S2MO00841,S,MO,,REP,,Kevin Schepers,Kevin,Schepers
"VAUGHN, CURTIS D.",S2MO00858,S,MO,,REP,,Curtis Vaughn,Curtis,Vaughn
"VENABLE, PAUL",S2MO00866,S,MO,,CON,,Paul Venable,Paul,Venable
"BRIAN, LEE ANDREA MS",S2NC00273,S,NC,0,REP,OPEN,Lee Andrea Brian,Lee Andrea,Brian
"RORIE, WINTER MS",S2NC00281,S,NC,0,DEM,CHALLENGER,Winter Rorie,Winter,Rorie
"BOYETTE, HAYDEN ZEL MR NONE",S2NC00299,S,NC,0,IND,OPEN,Hayden Zel None Boyette,Hayden Zel None,Boyette
"WALKER, BRADLEY MARK",S2NC00307,S,NC,0,REP,OPEN,Bradley Mark Walker,Bradley Mark,Walker
"DAVENPORT, KEITH",S2NC00331,S,NC,0,DEM,OPEN,Keith Davenport,Keith,Davenport
"BORGHESE, RENE",S2NC00349,S,NC,0,REP,OPEN,Rene Borghese,Rene,Borghese
"JACKSON, JEFF",S2NC00356,S,NC,0,DEM,OPEN,Jeff Jackson,Jeff,Jackson
"ELLERBY, CARLTON",S2NC00364,S,NC,0,REP,OPEN,Carlton Ellerby,Carlton,Ellerby
"EDWARDS, AVA MARIE",S2NC00372,S,NC,0,DEM,OPEN,Ava Marie Edwards,Ava Marie,Edwards
"GAGHAN, JAMES M",S2NC00380,S,NC,0,REP,OPEN,James Gaghan,James,Gaghan
"LAGRONE, TOBIAS EVERETT DR.",S2NC00398,S,NC,0,DEM,OPEN,Tobias Everett Lagrone,Tobias Everett,Lagrone
"WATKINS, RICHARD LEE DR.",S2NC00406,S,NC,0,DEM,OPEN,Richard Lee Watkins,Richard Lee,Watkins
"RHOADS, CHRISTINA",S2NC00414,S,NC,0,REP,CHALLENGER,Christina Rhoads,Christina,Rhoads
"RHINEHARDT, KIMREY WOODARD MRS.",S2NC00422,S,NC,0,UN,OPEN,Kimrey Woodards. Rhinehardt,Kimrey Woodards.,Rhinehardt
"HAMRICK, JENNA",S2NC00430,S,NC,0,DEM,OPEN,Jenna Hamrick,Jenna,Hamrick
"GRIFFITHS, BENJAMIN",S2NC00448,S,NC,0,REP,OPEN,Benjamin Griffiths,Benjamin,Griffiths
"LANEY RODRIGUEZ, BRENDA",S2NC00463,S,NC,0,IND,OPEN,Brenda Laney Rodriguez,Brenda,Laney Rodriguez
"NEWTON, EVERETTE (RETT) S.",S2NC00471,S,NC,0,DEM,OPEN,Rett Newton,Rett,Newton
"MCCRORY, PATRICK LLOYD",S2NC00489,S,NC,0,REP,OPEN,Patrick Lloyd Mccrory,Patrick Lloyd,Mccrory
"BEASLEY, CHERI",S2NC00497,S,NC,0,DEM,OPEN,Cheri Beasley,Cheri,Beasley
"BUDD, THEODORE P",S2NC00505,S,NC,0,REP,OPEN,Theodore Budd,Theodore,Budd
"BANWART, JENNIFER ALEXIS",S2NC00513,S,NC,0,REP,OPEN,Jennifer Alexis Banwart,Jennifer Alexis,Banwart
"HARPER JR., KENNETH JABARI",S2NC00521,S,NC,0,REP,OPEN,Kenneth Jabari Harper Jr.,Kenneth Jabari,Harper Jr.
"COOKE, JOHN MARTIN MR. JR.",S2NC00539,S,NC,0,REP,OPEN,John Martin Jr. Cooke,John Martin Jr.,Cooke
"SIBHATU, LICHIA WOLDEGABREAL",S2NC00547,S,NC,0,REP,OPEN,Lichia Woldegabreal Sibhatu,Lichia Woldegabreal,Sibhatu
"BOOKER, PATRICE CHRELLE",S2NC00554,S,NC,0,DEM,OPEN,Patrice Chrelle Booker,Patrice Chrelle,Booker
"HOH, MATTHEW PATRICK MR",S2NC00562,S,NC,0,GRE,OPEN,Matthew Patrick Hoh,Matthew Patrick,Hoh
"CARR, JAMES LESTER MR. JR.",S2NC00570,S,NC,0,DEM,OPEN,James Lester Jr. Carr,James Lester Jr.,Carr
"EASTMAN, MAJORIE K",S2NC00588,S,NC,0,REP,OPEN,Majorie Eastman,Majorie,Eastman
"BRYANT, LEONARD L",S2NC00596,S,NC,0,REP,OPEN,Leonard Bryant,Leonard,Bryant
"BULECZA, ANDREW JOHN MR. 3RD",S2NC00604,S,NC,0,REP,OPEN,Andrew John 3Rd Bulecza,Andrew John 3Rd,Bulecza
"MOSS, CHARLES KENNETH",S2NC00612,S,NC,0,REP,OPEN,Charles Kenneth Moss,Charles Kenneth,Moss
"JOHNSON, CONSTANCE LOV",S2NC00620,S,NC,0,DEM,OPEN,Constance Lov Johnson,Constance Lov,Johnson
"SHARMA, SIDDHANTH",S2NC00646,S,NC,0,REP,OPEN,Siddhanth Sharma,Siddhanth,Sharma
"WARREN, JONATHAN II",S2NC00653,S,NC,0,REP,OPEN,Jonathan II Warren,Jonathan II,Warren
"WHITE, MARC MICHAEL",S2NC00661,S,NC,0,UN,OPEN,Marc Michael White,Marc Michael,White
"LEWIS, MICHELLE ESTELLE",S2NC00679,S,NC,0,UN,OPEN,Michelle Estelle Lewis,Michelle Estelle,Lewis
"MCBRIDE, LEN MCBRIDE",S2NC00703,S,NC,0,REP,OPEN,Len Mcbride Mcbride,Len Mcbride,Mcbride
"ANTOINE, GREGORY DR.",S2NC00711,S,NC,0,DEM,OPEN,Gregory Antoine,Gregory,Antoine
"MAGINNIS, BRENDAN",S2NC00729,S,NC,0,DEM,OPEN,Brendan Maginnis,Brendan,Maginnis
"HAMMOND, ALYSSIA ROSE-KATHERINE",S2NC00737,S,NC,0,DEM,OPEN,Alyssia Rose-Katherine Hammond,Alyssia Rose-Katherine,Hammond
"COLON, ROBERT",S2NC00745,S,NC,,DEM,OPEN,Robert Colon,Robert,Colon
"FLAHERTY, DAVID",S2NC00752,S,NC,,REP,OPEN,David Flaherty,David,Flaherty
"TSHIOVO, DEBORA",S2NC00760,S,NC,,REP,OPEN,Debora Tshiovo,Debora,Tshiovo
"GADDY, SUSAN",S2NC00778,S,NC,0,REP,,Susan Gaddy,Susan,Gaddy
"STEELE, MICHAEL REVEREND",S2ND00107,S,ND,0,DEM,CHALLENGER,Michael Steele,Michael,Steele
"CHRISTIANSEN, KATRINA",S2ND00123,S,ND,0,DEM,CHALLENGER,Katrina Christiansen,Katrina,Christiansen
"KUNTZ, RILEY",S2ND00131,S,ND,0,REP,CHALLENGER,Riley Kuntz,Riley,Kuntz
"BECKER, RICK CLARK",S2ND00149,S,ND,0,IND,CHALLENGER,Rick Clark Becker,Rick Clark,Becker
"SIVALINGAM, TEJASINHA",S2NH00207,S,NH,0,REP,CHALLENGER,Tejasinha Sivalingam,Tejasinha,Sivalingam
"LAMARE, DENNIS R",S2NH00215,S,NH,0,REP,CHALLENGER,Dennis Lamare,Dennis,Lamare
"LAPLANTE, EDMOND JOSEPH JR",S2NH00223,S,NH,0,RNC,CHALLENGER,Edmond Joseph Jr Laplante,Edmond Joseph Jr,Laplante
"SMITH, KEVIN H.",S2NH00231,S,NH,0,REP,CHALLENGER,Kevin Smith,Kevin,Smith
"MORSE, CHUCK",S2NH00249,S,NH,0,REP,CHALLENGER,Chuck Morse,Chuck,Morse
"KAUFFMAN, JEREMY",S2NH00256,S,NH,0,LIB,CHALLENGER,Jeremy Kauffman,Jeremy,Kauffman
"SHARPE, THOMAS V",S2NH00264,S,NH,0,OTH,CHALLENGER,Thomas Sharpe,Thomas,Sharpe
"MANSHARAMANI, VIKRAM",S2NH00272,S,NH,0,REP,CHALLENGER,Vikram Mansharamani,Vikram,Mansharamani
"FENTON, BRUCE",S2NH00280,S,NH,,REP,CHALLENGER,Bruce Fenton,Bruce,Fenton
"BERMAN, JOHN",S2NH00298,S,NH,0,REP,,John Berman,John,Berman
"KAHN, KEVIN",S2NH00306,S,NH,0,LIB,,Kevin Kahn,Kevin,Kahn
"RIGGIERI, JOHN",S2NH00314,S,NH,,DEM,,John Riggieri,John,Riggieri
"GRIFFIN, PETER JOHN",S2NV00282,S,NV,0,COM,CHALLENGER,Peter John Griffin,Peter John,Griffin
"MENDENHALL, SHARELLE",S2NV00290,S,NV,0,REP,CHALLENGER,Sharelle Mendenhall,Sharelle,Mendenhall
"BROWN, SAM",S2NV00308,S,NV,0,REP,CHALLENGER,Sam Brown,Sam,Brown
"LOWE, GRETCHEN RAE",S2NV00316,S,NV,0,NPA,CHALLENGER,Gretchen Rae Lowe,Gretchen Rae,Lowe
"LAXALT, ADAM",S2NV00324,S,NV,0,REP,CHALLENGER,Adam Laxalt,Adam,Laxalt
"HOCKSTEDLER, WILLIAM ERIC",S2NV00332,S,NV,0,REP,CHALLENGER,William Eric Hockstedler,William Eric,Hockstedler
"DESTIN, JOSEPH J",S2NV00340,S,NV,0,NPA,CHALLENGER,Joseph Destin,Joseph,Destin
"REID, COREY",S2NV00357,S,NV,,DEM,CHALLENGER,Corey Reid,Corey,Reid
"RODRIGUEZ, PAUL M.F.",S2NV00365,S,NV,0,REP,CHALLENGER,Paul Rodriguez,Paul,Rodriguez
"KASHETA, STEPHANIE",S2NV00373,S,NV,,DEM,,Stephanie Kasheta,Stephanie,Kasheta
"REHINHART, ALLEN",S2NV00381,S,NV,,DEM,,Allen Rehinhart,Allen,Rehinhart
"CONRAD, WILLIAM 'BILL'",S2NV00399,S,NV,,REP,,Bill Conrad,Bill,Conrad
"PERKINS, TYLER T",S2NV00407,S,NV,,REP,,Tyler Perkins,Tyler,Perkins
"LINDEMANN, BARRY",S2NV00415,S,NV,0,UN,CHALLENGER,Barry Lindemann,Barry,Lindemann
"SARE, DIANE WILSON MS",S2NY00325,S,NY,0,IND,CHALLENGER,Diane Wilson Sare,Diane Wilson,Sare
"MANTANONA, NICHOLAS MR",S2NY00333,S,NY,0,IND,CHALLENGER,Nicholas Mantanona,Nicholas,Mantanona
"ANABILAH-AZUMAH, JOEL MR",S2NY00341,S,NY,0,NPA,CHALLENGER,Joel Anabilah-Azumah,Joel,Anabilah-Azumah
"MUGULUSI, MOSES R",S2NY00366,S,NY,0,DEM,CHALLENGER,Moses Mugulusi,Moses,Mugulusi
"BEN-AVI, TYRRELL LEV",S2NY00374,S,NY,13,REP,CHALLENGER,Tyrrell Lev Ben-Avi,Tyrrell Lev,Ben-Avi
"SAIDE, AHMAD DR",S2NY00408,S,NY,0,NNE,CHALLENGER,Ahmad Saide,Ahmad,Saide
"EISEN, JOSHUA DR",S2NY00416,S,NY,0,REP,CHALLENGER,Joshua Eisen,Joshua,Eisen
"CUOMO, ANDREA J.",S2NY00424,S,NY,0,COM,CHALLENGER,Andrea Cuomo,Andrea,Cuomo
"OCASIO-CORTEZ, ALEXANDRIA",S2NY00432,S,NY,0,DEM,CHALLENGER,Alexandria Ocasio-Cortez,Alexandria,Ocasio-Cortez
"MICI, ALEKSANDER",S2NY00440,S,NY,0,REP,CHALLENGER,Aleksander Mici,Aleksander,Mici
"BAKISH, ROBERT MARC MR",S2NY00457,S,NY,0,REP,CHALLENGER,Robert Marc Bakish,Robert Marc,Bakish
"NASCIMBENE, LUCA",S2NY00465,S,NY,0,W,CHALLENGER,Luca Nascimbene,Luca,Nascimbene
"SZUSZKIEWICZ, MARK",S2NY00473,S,NY,0,REP,CHALLENGER,Mark Szuszkiewicz,Mark,Szuszkiewicz
"AHMED, MOHAMMAD MOKHTAR",S2NY00481,S,NY,0,VET,CHALLENGER,Mohammad Mokhtar Ahmed,Mohammad Mokhtar,Ahmed
"PINION, JOSEPH III",S2NY00499,S,NY,0,REP,CHALLENGER,Joseph III Pinion,Joseph III,Pinion
"MASTERSON, WALTER JOSEPH",S2NY00507,S,NY,0,OTH,CHALLENGER,Walter Joseph Masterson,Walter Joseph,Masterson
"ALEXANDER, VIVIKA",S2NY00515,S,NY,0,GOP,CHALLENGER,Vivika Alexander,Vivika,Alexander
"QUITER, THOMAS",S2NY00523,S,NY,0,LIB,CHALLENGER,Thomas Quiter,Thomas,Quiter
"HILL, BRYAN",S2NY00531,S,NY,0,REP,,Bryan Hill,Bryan,Hill
"MANDEL, JOSHUA A.",S2OH00170,S,OH,0,REP,OPEN,Joshua Mandel,Joshua,Mandel
"LACAVERA, DOMINIC JAMES JR.",S2OH00279,S,OH,0,LIB,OPEN,Dominic James Jr. Lacavera,Dominic James Jr.,Lacavera
"PUKITA, MARK MR.",S2OH00287,S,OH,0,REP,OPEN,Mark Pukita,Mark,Pukita
"TAYLOR, SHANNON MARIE",S2OH00295,S,OH,0,LIB,OPEN,Shannon Marie Taylor,Shannon Marie,Taylor
"MOUSOURAKIS, SHAWN",S2OH00303,S,OH,0,VET,OPEN,Shawn Mousourakis,Shawn,Mousourakis
"MUSICK, ZACHARY THOMAS HOWARD",S2OH00311,S,OH,0,REP,OPEN,Zachary Thomas Howard Musick,Zachary Thomas Howard,Musick
"LEIPOLD, MICHAEL D MR. SR.",S2OH00329,S,OH,0,REP,OPEN,Michael Sr. Leipold,Michael Sr.,Leipold
"MEIRING, ERIC RICHARD REVEREND",S2OH00337,S,OH,0,IND,OPEN,Eric Richard Reverend Meiring,Eric Richard Reverend,Meiring
"PATEL, NIRANJAN NEIL",S2OH00345,S,OH,0,REP,OPEN,Niranjan Neil Patel,Niranjan Neil,Patel
"THOMPSON, MACKENZIE",S2OH00352,S,OH,0,REP,OPEN,Mackenzie Thompson,Mackenzie,Thompson
"TIMKEN, JANE",S2OH00360,S,OH,0,REP,OPEN,Jane Timken,Jane,Timken
"TAYLOR, RICHARD T",S2OH00378,S,OH,0,DEM,OPEN,Richard Taylor,Richard,Taylor
"MORENO, BERNIE",S2OH00386,S,OH,0,REP,OPEN,Bernie Moreno,Bernie,Moreno
"RYAN, TIMOTHY",S2OH00402,S,OH,0,DEM,OPEN,Timothy Ryan,Timothy,Ryan
"RONAN, SAMUEL",S2OH00410,S,OH,0,IND,OPEN,Samuel Ronan,Samuel,Ronan
"SHEFFEY, DEMAR",S2OH00428,S,OH,0,DEM,OPEN,Demar Sheffey,Demar,Sheffey
"VANCE, J D",S2OH00436,S,OH,0,REP,OPEN,J D Vance,J D,Vance
"REED, JOHN ALLEN",S2OH00444,S,OH,0,REP,OPEN,John Allen Reed,John Allen,Reed
"HOLT, MIKE",S2OH00451,S,OH,0,REP,OPEN,Mike Holt,Mike,Holt
"HARPER, MORGAN",S2OH00469,S,OH,0,DEM,OPEN,Morgan Harper,Morgan,Harper
"DOLAN, MATT",S2OH00477,S,OH,0,REP,OPEN,Matt Dolan,Matt,Dolan
"TINSLEY, LASHONDRA",S2OH00493,S,OH,0,DEM,OPEN,Lashondra Tinsley,Lashondra,Tinsley
"PRATHER, KELLI",S2OH00519,S,OH,0,IND,OPEN,Kelli Prather,Kelli,Prather
"GRAHAM, ROBERT WILLIAM",S2OH00527,S,OH,0,W,OPEN,Robert William Graham,Robert William,Graham
"TAYLOR, CHAD ALAN",S2OH00535,S,OH,0,W,OPEN,Chad Alan Taylor,Chad Alan,Taylor
"JOHNSON, TRACI TJ",S2OH00543,S,OH,,DEM,OPEN,Traci TJ Johnson,Traci TJ,Johnson
"LAHMEYER, JACKSON RHODES",S2OK00111,S,OK,0,REP,CHALLENGER,Jackson Rhodes Lahmeyer,Jackson Rhodes,Lahmeyer
"FARR, JOAN E. MS.",S2OK00129,S,OK,0,REP,CHALLENGER,Joan E. Farr,Joan E.,Farr
"BOLLINGER, JASON",S2OK00137,S,OK,0,DEM,CHALLENGER,Jason Bollinger,Jason,Bollinger
"DAHM, NATHAN",S2OK00145,S,OK,0,REP,CHALLENGER,Nathan Dahm,Nathan,Dahm
"HORN, MADISON",S2OK00152,S,OK,0,DEM,CHALLENGER,Madison Horn,Madison,Horn
"GARRISON, JESSICA JEAN",S2OK00160,S,OK,0,REP,CHALLENGER,Jessica Jean Garrison,Jessica Jean,Garrison
"GLENN, JO STANLEY MS",S2OK00178,S,OK,0,DEM,CHALLENGER,Jo Stanley Glenn,Jo Stanley,Glenn
"MULLIN, MARKWAYNE",S2OK00186,S,OK,0,REP,CHALLENGER,Markwayne Mullin,Markwayne,Mullin
"HOLLAND, LUCAS",S2OK00194,S,OK,0,REP,CHALLENGER,Lucas Holland,Lucas,Holland
"GRAY, ALEX",S2OK00202,S,OK,0,REP,CHALLENGER,Alex Gray,Alex,Gray
"SHANNON, T.W.",S2OK00210,S,OK,0,REP,CHALLENGER,T.W. Shannon,T.W.,Shannon
"HORN, KENDRA",S2OK00228,S,OK,0,DEM,CHALLENGER,Kendra Horn,Kendra,Horn
"BLEVINS, KENNETH",S2OK00236,S,OK,0,LIB,CHALLENGER,Kenneth Blevins,Kenneth,Blevins
"HOLLEY, ADAM",S2OK00244,S,OK,0,REP,CHALLENGER,Adam Holley,Adam,Holley
"GRELLNER, RANDY J.",S2OK00251,S,OK,0,REP,CHALLENGER,Randy J. Grellner,Randy J.,Grellner
"BAKER, DENNIS",S2OK00269,S,OK,0,DEM,CHALLENGER,Dennis Baker,Dennis,Baker
"PRUITT, SCOTT",S2OK00277,S,OK,0,REP,CHALLENGER,Scott Pruitt,Scott,Pruitt
"WADE, BRANDON KEITH",S2OK00285,S,OK,0,DEM,CHALLENGER,Brandon Keith Wade,Brandon Keith,Wade
"COIBION, MICHAEL",S2OK00293,S,OK,,REP,,Michael Coibion,Michael,Coibion
"MORENO, LAURA",S2OK00301,S,OK,,REP,,Laura Moreno,Laura,Moreno
"ROYSE, PAUL",S2OK00319,S,OK,,REP,,Paul Royse,Paul,Royse
"AZMA, ARYA",S2OK00327,S,OK,,DEM,,Arya Azma,Arya,Azma
"DELANEY, MICHAEL L",S2OK00335,S,OK,,IND,,Michael Delaney,Michael,Delaney
"BARLOW, WILLIAM EDWARD MR. III",S2OR00127,S,OR,0,DEM,CHALLENGER,William Edward III Barlow,William Edward III,Barlow
"BEEBE, RODNEY JASON",S2OR00135,S,OR,0,REP,CHALLENGER,Rodney Jason Beebe,Rodney Jason,Beebe
"VERDE, THOMAS X TXV",S2OR00143,S,OR,0,UN,CHALLENGER,Thomas Verde,Thomas,Verde
"PALMER, SAMUEL",S2OR00150,S,OR,0,REP,CHALLENGER,Samuel Palmer,Samuel,Palmer
"HARBICK, DARIN",S2OR00168,S,OR,0,REP,CHALLENGER,Darin Harbick,Darin,Harbick
"PULJU, DAN",S2OR00176,S,OR,0,GRE,CHALLENGER,Dan Pulju,Dan,Pulju
"CHRISTENSEN, CHRIS",S2OR00184,S,OR,0,REP,CHALLENGER,Chris Christensen,Chris,Christensen
"STETTLER, MICHAEL KURT",S2OR00192,S,OR,0,CON,CHALLENGER,Michael Kurt Stettler,Michael Kurt,Stettler
"MURPHY, ROBERT MURPHY",S2OR00218,S,OR,0,LIB,CHALLENGER,Robert Murphy Murphy,Robert Murphy,Murphy
"FLEMING, ROBERT M",S2OR00226,S,OR,,REP,CHALLENGER,Robert Fleming,Robert,Fleming
"HENRY, CHRIS",S2OR00234,S,OR,,PRO,CHALLENGER,Chris Henry,Chris,Henry
"ESSOE, KELLEY M MS",S2OR00242,S,OR,0,DEM,,Kelley Essoe,Kelley,Essoe
"MCGUIGAN, JOHN DAVID",S2PA00307,S,PA,0,DEM,OPEN,John David Mcguigan,John David,Mcguigan
"STERN, EVERETT",S2PA00315,S,PA,0,IND,OPEN,Everett Stern,Everett,Stern
"DEBELLIS, JOHN",S2PA00323,S,PA,0,REP,CHALLENGER,John Debellis,John,Debellis
"ROSENFELD, MARTIN",S2PA00331,S,PA,0,REP,OPEN,Martin Rosenfeld,Martin,Rosenfeld
"NORTON, KYLE CHRISTOPHER",S2PA00349,S,PA,0,DEM,OPEN,Kyle Christopher Norton,Kyle Christopher,Norton
"MULHOLLAND, RICHARD",S2PA00356,S,PA,0,REP,OPEN,Richard Mulholland,Richard,Mulholland
"JOHNSON, LARRY E DR",S2PA00364,S,PA,0,DEM,OPEN,Larry Johnson,Larry,Johnson
"GALE, SEAN",S2PA00372,S,PA,0,REP,OPEN,Sean Gale,Sean,Gale
"KENYATTA, MALCOLM",S2PA00398,S,PA,0,DEM,OPEN,Malcolm Kenyatta,Malcolm,Kenyatta
"KHALIL, ALEXANDRIA GLORIA",S2PA00406,S,PA,0,DEM,OPEN,Alexandria Gloria Khalil,Alexandria Gloria,Khalil
"DUCH, WILLIAM RAYMOND",S2PA00414,S,PA,0,REP,OPEN,William Raymond Duch,William Raymond,Duch
"SHANK, ALAN MICHAEL",S2PA00422,S,PA,0,DEM,OPEN,Alan Michael Shank,Alan Michael,Shank
"STREET, SHARIF",S2PA00448,S,PA,0,DEM,OPEN,Sharif Street,Sharif,Street
"BAUMLIN, KEVIN DR.",S2PA00455,S,PA,0,DEM,OPEN,Kevin Baumlin,Kevin,Baumlin
"ARKOOSH, VALERIE",S2PA00463,S,PA,0,DEM,OPEN,Valerie Arkoosh,Valerie,Arkoosh
"JEFFRIES, ROBERT",S2PA00471,S,PA,0,REP,OPEN,Robert Jeffries,Robert,Jeffries
"BARNETTE, KATHY",S2PA00489,S,PA,0,REP,OPEN,Kathy Barnette,Kathy,Barnette
"HAYES, JAMES EDWARD",S2PA00497,S,PA,0,REP,OPEN,James Edward Hayes,James Edward,Hayes
"PARNELL, RICHARD SEAN",S2PA00505,S,PA,0,REP,OPEN,Richard Sean Parnell,Richard Sean,Parnell
"JOHNSON, RONALD EDWARD MR II",S2PA00513,S,PA,0,CON,OPEN,Ronald Edward II Johnson,Ronald Edward II,Johnson
"TAPERA, LLEWELLYN MR.",S2PA00521,S,PA,0,DEM,OPEN,Llewellyn Tapera,Llewellyn,Tapera
"SNYDER, CRAIG",S2PA00539,S,PA,0,REP,OPEN,Craig Snyder,Craig,Snyder
"ORTS, ERIC",S2PA00547,S,PA,0,DEM,OPEN,Eric Orts,Eric,Orts
"SANDS, CARLA H",S2PA00554,S,PA,0,REP,OPEN,Carla Sands,Carla,Sands
"LAMB, CONOR",S2PA00562,S,PA,0,DEM,OPEN,Conor Lamb,Conor,Lamb
"XU, DAVID",S2PA00570,S,PA,0,REP,OPEN,David Xu,David,Xu
"DOUGHERTY, KAEL",S2PA00596,S,PA,0,DEM,OPEN,Kael Dougherty,Kael,Dougherty
"CRUZ, ISRAEL",S2PA00604,S,PA,0,REP,OPEN,Israel Cruz,Israel,Cruz
"SLUZYNSKY, WALTER STEVE MR.",S2PA00612,S,PA,17,DEM,OPEN,Walter Steve Sluzynsky,Walter Steve,Sluzynsky
"RICHARDSON, MAX",S2PA00620,S,PA,0,REP,OPEN,Max Richardson,Max,Richardson
"OZ, MEHMET DR",S2PA00638,S,PA,0,REP,OPEN,Mehmet Oz,Mehmet,Oz
"EICHENBERG, JOHN ROBERT MR.",S2PA00646,S,PA,0,REP,OPEN,John Robert Eichenberg,John Robert,Eichenberg
"FUSCA, VINCENT EMAUELE MR",S2PA00653,S,PA,0,REP,OPEN,Vincent Emauele Fusca,Vincent Emauele,Fusca
"MCCORMICK, DAVE",S2PA00661,S,PA,0,REP,OPEN,Dave Mccormick,Dave,Mccormick
"KARPACS, GEORGE MR.",S2PA00679,S,PA,0,REP,OPEN,George Karpacs,George,Karpacs
"MAGEE, QUINCY",S2PA00695,S,PA,0,W,OPEN,Quincy Magee,Quincy,Magee
"BOCHETTO, GEORGE",S2PA00703,S,PA,0,REP,OPEN,George Bochetto,George,Bochetto
"GERHARDT, ERIK",S2PA00711,S,PA,0,LIB,OPEN,Erik Gerhardt,Erik,Gerhardt
"SWAIN, TIMOTHY",S2SC00095,S,SC,0,REP,CHALLENGER,Timothy Swain,Timothy,Swain
"MATTHEWS, KRYSTLE",S2SC00103,S,SC,0,DEM,CHALLENGER,Krystle Matthews,Krystle,Matthews
"GETER, ANGELA MS",S2SC00111,S,SC,0,DEM,CHALLENGER,Angela Geter,Angela,Geter
"O'GRADY, CASEY SIMS",S2SC00129,S,SC,0,REP,CHALLENGER,Casey Sims O'Grady,Casey Sims,O'Grady
"ADAMS, LARRY JR",S2SC00137,S,SC,0,IND,CHALLENGER,Larry Jr Adams,Larry Jr,Adams
"BRUCE, CATHERINE FLEMING MS.",S2SC00145,S,SC,0,DEM,CHALLENGER,Catherine Fleming Bruce,Catherine Fleming,Bruce
"POSTON, ERIC CHALMERS",S2SC00152,S,SC,0,REP,CHALLENGER,Eric Chalmers Poston,Eric Chalmers,Poston
"WISE MURRAY IV, WILLIAM",S2SC00160,S,SC,,,CHALLENGER,William Wise Murray Iv,William,Wise Murray Iv
"FLOYD, AUSTIN B DR.",S2SC00178,S,SC,0,DEM,CHALLENGER,Austin Floyd,Austin,Floyd
"DIXON, NATE DR.",S2SC00186,S,SC,0,NPA,,Nate Dixon,Nate,Dixon
"HARPER, JESSE L MR",S2SC00194,S,SC,0,IAP,,Jesse Harper,Jesse,Harper
"THUNE, JOHN R.",S2SD00068,S,SD,0,REP,INCUMBENT,John Thune,John,Thune
"MOWRY, MARK S.",S2SD00092,S,SD,0,REP,CHALLENGER,Mark Mowry,Mark,Mowry
"WHALEN, BRUCE SR.",S2SD00118,S,SD,0,REP,CHALLENGER,Bruce Sr. Whalen,Bruce Sr.,Whalen
"BENGS, BRIAN L",S2SD00126,S,SD,0,DEM,CHALLENGER,Brian Bengs,Brian,Bengs
"SCHUBERT, PATRICK WILLIAM MR. SR",S2SD00134,S,SD,0,REP,CHALLENGER,Patrick William Sr Schubert,Patrick William Sr,Schubert
"LESNAR, TAMARA J.",S2SD00142,S,SD,,LIB,CHALLENGER,Tamara Lesnar,Tamara,Lesnar
"BARLOW, EVAN",S2UT00286,S,UT,0,REP,CHALLENGER,Evan Barlow,Evan,Barlow
"SEARLE, AUSTIN",S2UT00294,S,UT,0,DEM,CHALLENGER,Austin Searle,Austin,Searle
"GLINES, ALLEN BRENT",S2UT00302,S,UT,0,DEM,CHALLENGER,Allen Brent Glines,Allen Brent,Glines
"MITCHELL, NICHOLAS",S2UT00310,S,UT,0,DEM,CHALLENGER,Nicholas Mitchell,Nicholas,Mitchell
"DAVIS, BENJAMIN",S2UT00328,S,UT,0,REP,CHALLENGER,Benjamin Davis,Benjamin,Davis
"EDWARDS, BECKY",S2UT00336,S,UT,0,REP,CHALLENGER,Becky Edwards,Becky,Edwards
"ISOM, ALLY",S2UT00344,S,UT,0,REP,CHALLENGER,Ally Isom,Ally,Isom
"JENSEN, RUSSELL TYRONE",S2UT00351,S,UT,0,REP,CHALLENGER,Russell Tyrone Jensen,Russell Tyrone,Jensen
"MCMULLIN, DAVID EVAN",S2UT00369,S,UT,0,UN,CHALLENGER,David Evan Mcmullin,David Evan,Mcmullin
"HAMBLIN, LAIRD",S2UT00377,S,UT,0,REP,CHALLENGER,Laird Hamblin,Laird,Hamblin
"WESTON, JOHN",S2UT00385,S,UT,0,DEM,CHALLENGER,John Weston,John,Weston
"ANDERSON, ALTON MR.",S2UT00401,S,UT,0,CON,CHALLENGER,Alton Anderson,Alton,Anderson
"WILLIAMS, TOMMY",S2UT00419,S,UT,,OTH,CHALLENGER,Tommy Williams,Tommy,Williams
"HANSEN, JAMES ARTHUR",S2UT00427,S,UT,0,LIB,CHALLENGER,James Arthur Hansen,James Arthur,Hansen
"BOVO, LUCKY",S2UT00435,S,UT,,LIB,CHALLENGER,Lucky Bovo,Lucky,Bovo
"SEGUIN, MICHAEL SEGUIN COL",S2UT00468,S,UT,0,W,,Michael Joseph Seguin,Michael Joseph,Seguin
"THRAN, ALEXANDRA NICOLE",S2VT00177,S,VT,0,DEM,OPEN,Alexandra Nicole Thran,Alexandra Nicole,Thran
"COESTER, C. MARK MR",S2VT00185,S,VT,0,AIP,OPEN,C. Mark Coester,C. Mark,Coester
"PIERCE, BROCK",S2VT00227,S,VT,0,IND,OPEN,Brock Pierce,Brock,Pierce
"WELCH, PETER",S2VT00235,S,VT,0,DEM,OPEN,Peter Welch,Peter,Welch
"RAHEB, KERRY",S2VT00243,S,VT,0,IND,OPEN,Kerry Raheb,Kerry,Raheb
"SULLIVAN, THOMAS",S2VT00250,S,VT,0,REP,OPEN,Thomas Sullivan,Thomas,Sullivan
"NOLAN, CHRISTINA",S2VT00268,S,VT,0,REP,OPEN,Christina Nolan,Christina,Nolan
"TUTHILL, JUSTIN",S2VT00276,S,VT,0,REP,OPEN,Justin Tuthill,Justin,Tuthill
"HELALI, CHRISTOPHER JOSEPH",S2VT00284,S,VT,0,COM,OPEN,Christopher Joseph Helali,Christopher Joseph,Helali
"MALLOY, GERALD",S2VT00292,S,VT,0,REP,OPEN,Gerald Malloy,Gerald,Malloy
"MERMEL, MYERS",S2VT00300,S,VT,0,REP,OPEN,Myers Mermel,Myers,Mermel
"BIBONA, ROSALIE MAE",S2VT00318,S,VT,0,DEM,,Rosalie Mae Bibona,Rosalie Mae,Bibona
"ERICSON, CRIS MS.",S2VT00326,S,VT,0,IND,,Cris Ericson,Cris,Ericson
"EVANS-FRANTZ, ISAAC",S2VT00334,S,VT,0,DEM,,Isaac Evans-Frantz,Isaac,Evans-Frantz
"EVANS FRANTZ, ISAAC",S2VT00342,S,VT,,DEM,,Isaac Evans Frantz,Isaac,Evans Frantz
"ABBOTT, MARTHA",S2VT00359,S,VT,,OTH,,Martha Abbott,Martha,Abbott
"NOLFI, BARBARA",S2VT00367,S,VT,,OTH,,Barbara Nolfi,Barbara,Nolfi
"MURRAY, PATTY",S2WA00189,S,WA,0,DEM,INCUMBENT,Patty Murray,Patty,Murray
"SLEISTER, NICOLAUS",S2WA00338,S,WA,0,DEM,CHALLENGER,Nicolaus Sleister,Nicolaus,Sleister
"KIRBY, ROBERT W",S2WA00346,S,WA,0,DEM,CHALLENGER,Robert Kirby,Robert,Kirby
"HUSSEY, LARRY",S2WA00353,S,WA,0,NPA,CHALLENGER,Larry Hussey,Larry,Hussey
"MPIANA, MFUMU METAMORPHOSIS REV",S2WA00361,S,WA,0,UN,CHALLENGER,Mfumu Metamorphosis Rev Mpiana,Mfumu Metamorphosis Rev,Mpiana
"WERNER II, MICHAEL JOSEPH",S2WA00379,S,WA,0,REP,CHALLENGER,Michael Joseph Werner Ii,Michael Joseph,Werner Ii
"SMILEY, TIFFANY",S2WA00387,S,WA,0,REP,CHALLENGER,Tiffany Smiley,Tiffany,Smiley
"PIERRE, RAVIN R",S2WA00395,S,WA,0,DEM,CHALLENGER,Ravin Pierre,Ravin,Pierre
"GREYWOLF, JUSTIN",S2WA00403,S,WA,0,IND,CHALLENGER,Justin Greywolf,Justin,Greywolf
"ISHII, DAVID TADASHI",S2WA00411,S,WA,0,DEM,CHALLENGER,David Tadashi Ishii,David Tadashi,Ishii
"HAGGLUND, BOB",S2WA00429,S,WA,0,REP,CHALLENGER,Bob Hagglund,Bob,Hagglund
"PAUL, NAZ",S2WA00437,S,WA,0,IND,CHALLENGER,Naz Paul,Naz,Paul
"SOLSTIN, BRYAN",S2WA00445,S,WA,0,DEM,CHALLENGER,Bryan Solstin,Bryan,Solstin
"MCCUNE, DAVID E",S2WA00452,S,WA,0,IND,CHALLENGER,David Mccune,David,Mccune
"HOLYK, ISAAC A",S2WA00460,S,WA,0,REP,CHALLENGER,Isaac Holyk,Isaac,Holyk
"HUSSEY, LAWRENCE",S2WA00478,S,WA,0,IND,CHALLENGER,Lawrence Hussey,Lawrence,Hussey
"LAWSON, LEON MR",S2WA00486,S,WA,0,REP,CHALLENGER,Leon Lawson,Leon,Lawson
"CUSMIR, SAM",S2WA00502,S,WA,,DEM,,Sam Cusmir,Sam,Cusmir
"GUENTHER, JOHN",S2WA00510,S,WA,,REP,,John Guenther,John,Guenther
"HIRT, BILL",S2WA00528,S,WA,,REP,,Bill Hirt,Bill,Hirt
"SAULIBIO, DAVE",S2WA00536,S,WA,,OTH,,Dave Saulibio,Dave,Saulibio
"DOAN, DAN PHAN",S2WA00544,S,WA,,NOP,,Dan Phan Doan,Dan Phan,Doan
"HASH, MARTIN D.",S2WA00551,S,WA,,NOP,,Martin Hash,Martin,Hash
"DENNISON, HENRY CLAY",S2WA00569,S,WA,,OTH,,Henry Clay Dennison,Henry Clay,Dennison
"D'AMICO, SAMUEL NICHOLAS MR",S2WI00300,S,WI,0,DEM,OPEN,Samuel Nicholas D?Amico,Samuel Nicholas,D?Amico
"FRANK, AARON",S2WI00318,S,WI,0,IND,OPEN,Aaron Frank,Aaron,Frank
"SPENCER, BRADFORD",S2WI00326,S,WI,0,IND,OPEN,Bradford Spencer,Bradford,Spencer
"BATTINO, GILLIAN M.D.",S2WI00334,S,WI,0,DEM,OPEN,Gillian Battino,Gillian,Battino
"LASRY, ALEX",S2WI00342,S,WI,0,DEM,CHALLENGER,Alex Lasry,Alex,Lasry
"GODLEWSKI, SARAH",S2WI00359,S,WI,0,DEM,CHALLENGER,Sarah Godlewski,Sarah,Godlewski
"NEUBERT, KEITH",S2WI00367,S,WI,0,REP,CHALLENGER,Keith Neubert,Keith,Neubert
"AUBART, SCOTT ALAN MR",S2WI00375,S,WI,0,AIP,CHALLENGER,Scott Alan Aubart,Scott Alan,Aubart
"OLIKARA, STEVEN",S2WI00383,S,WI,0,DEM,CHALLENGER,Steven Olikara,Steven,Olikara
"LARSON, CHRISTOPHER",S2WI00391,S,WI,0,DEM,CHALLENGER,Christopher Larson,Christopher,Larson
"MURPHY, ADAM CHRISTOPHER",S2WI00409,S,WI,0,DEM,CHALLENGER,Adam Christopher Murphy,Adam Christopher,Murphy
"PECKARSKY, PETER",S2WI00417,S,WI,0,DEM,CHALLENGER,Peter Peckarsky,Peter,Peckarsky
"LEE, KOU C",S2WI00433,S,WI,0,DEM,CHALLENGER,Kou Lee,Kou,Lee
"BARNES, MANDELA",S2WI00441,S,WI,0,DEM,CHALLENGER,Mandela Barnes,Mandela,Barnes
"LEWIS, CHANTIA",S2WI00458,S,WI,0,DEM,CHALLENGER,Chantia Lewis,Chantia,Lewis
"WILLIAMS, DARRELL L. DR.",S2WI00466,S,WI,0,DEM,CHALLENGER,Darrell Williams,Darrell,Williams
"RUMBAUGH, JEFF MR",S2WI00474,S,WI,0,DEM,CHALLENGER,Jeff Rumbaugh,Jeff,Rumbaugh
"BEYER, BRAD",S2WI00482,S,WI,0,REP,CHALLENGER,Brad Beyer,Brad,Beyer
"DOTY, JUSTIN DANIEL",S2WI00490,S,WI,0,REP,CHALLENGER,Justin Daniel Doty,Justin Daniel,Doty
"BENEDETTO, ADAM SIIK",S2WI00508,S,WI,0,REP,CHALLENGER,Adam Benedetto,Adam,Benedetto
"LONG, NEAL",S2WI00516,S,WI,0,LIB,CHALLENGER,Neal Long,Neal,Long
"SCHROEDER, DAVID",S2WI00524,S,WI,,REP,,David Schroeder,David,Schroeder
"PAUL, ADAM NICHOLAS",S2WI00532,S,WI,0,IND,,Adam Nicholas Paul,Adam Nicholas,Paul
"MURKOWSKI, LISA",S4AK00099,S,AK,0,REP,INCUMBENT,Lisa Murkowski,Lisa,Murkowski
"GIANOUTSOS, TED",S4AK00115,S,AK,,N,,Ted Gianoutsos,Ted,Gianoutsos
"GRUNDMANN, DON J.",S4CA00332,S,CA,0,NNE,CHALLENGER,Don Grundmann,Don,Grundmann
"PERDUE, DAVID",S4GA11285,S,GA,0,REP,CHALLENGER,David Perdue,David,Perdue
"SCHATZ, BRIAN",S4HI00136,S,HI,0,DEM,INCUMBENT,Brian Schatz,Brian,Schatz
"KOKOSKI, MICHAEL",S4HI00169,S,HI,,LIB,,Michael Kokoski,Michael,Kokoski
"KENNEDY, JOHN NEELY",S4LA00065,S,LA,0,REP,INCUMBENT,John Kennedy,John,Kennedy
"MCMORRIS, BRANNON L",S4LA00123,S,LA,,IND,,Brannon Mcmorris,Brannon,Mcmorris
"MARTIN, ANDY",S4NH00096,S,NH,0,REP,CHALLENGER,Andy Martin,Andy,Martin
"POLIAK, CARLO",S4NV00197,S,NV,,REP,CHALLENGER,Carlo Poliak,Carlo,Poliak
"LANKFORD, JAMES PAUL",S4OK00232,S,OK,0,REP,INCUMBENT,James Lankford,James,Lankford
"WOODS, RAY",S4OK00349,S,OK,,IND,,Ray Woods,Ray,Woods
"PERKINS, JO RAE",S4OR00156,S,OR,0,REP,CHALLENGER,Jo Rae Perkins,Jo Rae,Perkins
"VODVARKA, JOSEPH JOHN",S4PA00196,S,PA,0,REP,OPEN,Joseph John Vodvarka,Joseph John,Vodvarka
"SCOTT, TIMOTHY E.",S4SC00240,S,SC,0,REP,INCUMBENT,Tim Scott,Tim,Scott
"SAID, MOHAMMAD H.",S4WA00474,S,WA,0,DEM,CHALLENGER,Mohammad Said,Mohammad,Said
"BLATCHFORD, EDGAR",S6AK00177,S,AK,0,DEM,CHALLENGER,Edgar Blatchford,Edgar,Blatchford
"MAUL, LESTER 'SKIP' RALPH",S6AZ00282,S,AZ,,W,,Skip Maul,Skip,Maul
"AGBEDE, AKINYEMI",S6CA00634,S,CA,0,DEM,CHALLENGER,Akinyemi Agbede,Akinyemi,Agbede
"PIERCE, DOUGLAS HOWARD",S6CA00790,S,CA,0,DEM,CHALLENGER,Douglas Howard Pierce,Douglas Howard,Pierce
"PARKER, JOHN",S6CA00949,S,CA,,W,CHALLENGER,John Parker,John,Parker
"ELIZONDO, PAMELA",S6CA00956,S,CA,0,GRE,CHALLENGER,Pamela Elizondo,Pamela,Elizondo
"GARCIA, ELEANOR",S6CA00980,S,CA,0,NNE,CHALLENGER,Eleanor Garcia,Eleanor,Garcia
"WALLS-WINDHAUSER, ANGELA",S6FL00442,S,FL,0,REP,CHALLENGER,Angela Marie Walls-Windhauser,Angela Marie,Walls-Windhauser
"PIRKOWSKI, EDWARD (EDDIE)",S6HI00222,S,HI,,REP,,Eddie Pirkowski,Eddie,Pirkowski
"TATAII, STEVE",S6HI00230,S,HI,,DEM,,Steve Tataii,Steve,Tataii
"WRITZ, RAYMOND J",S6ID00104,S,ID,0,CON,CHALLENGER,Ray J. Writz,Ray,Writz
"DUCKWORTH, L. TAMMY",S6IL00292,S,IL,0,DEM,INCUMBENT,Tammy Duckworth,Tammy,Duckworth
"YOUNG, TODD CHRISTOPHER",S6IN00191,S,IN,0,REP,INCUMBENT,Todd Young,Todd,Young
"VAN HOLLEN, CHRIS",S6MD03441,S,MD,0,DEM,INCUMBENT,Chris Van Hollen,Chris,Van Hollen
"CHAFFEE, CHRIS",S6MD03557,S,MD,,REP,,Chris Chaffee,Chris,Chaffee
"MOWINSKI, BERNIE",S6MO00420,S,MO,,REP,,Bernie Mowinski,Bernie,Mowinski
"ABRAMS, MARCIA KAREN DR PHD",S6NC00324,S,NC,0,REP,OPEN,Marcia Karen Phd Abrams,Marcia Karen Phd,Abrams
"HASSAN, MARGARET WOOD",S6NH00091,S,NH,0,DEM,INCUMBENT,Margaret Hassan,Margaret,Hassan
"CORTEZ MASTO, CATHERINE",S6NV00200,S,NV,0,DEM,INCUMBENT,Catherine Cortez Masto,Catherine,Cortez Masto
"MURPHY, ROBERT T",S6OK04098,S,OK,0,LIB,CHALLENGER,Robert T. Murphy,Robert,Murphy
"WYDEN, RONALD LEE",S6OR00110,S,OR,0,DEM,INCUMBENT,Ron Wyden,Ron,Wyden
"THOMPSON, BRENT",S6OR00391,S,OR,,DEM,CHALLENGER,Brent Thompson,Brent,Thompson
"FETTERMAN, JOHN KARL",S6PA00274,S,PA,0,DEM,OPEN,John Karl Fetterman,John Karl,Fetterman
"CHURCHILL, PANO",S6WA00438,S,WA,0,DEM,CHALLENGER,Pano Churchill,Pano,Churchill
"BROOKS, MO",S8AL00381,S,AL,0,REP,OPEN,Mo Brooks,Mo,Brooks
"DAVIDA, EDWARD",S8AZ00312,S,AZ,,W,,Edward Davida,Edward,Davida
"BRADLEY, JAMES P.",S8CA00515,S,CA,0,REP,CHALLENGER,James Bradley,James,Bradley
"CRAPO, MICHAEL D",S8ID00027,S,ID,0,REP,INCUMBENT,Mike Crapo,Mike,Crapo
"NNABU, EZE",S8MD00351,S,MD,,REP,,Eze Nnabu,Eze,Nnabu
"WRIGHT, CARLA (COFFEE)",S8MO00269,S,MO,0,DEM,OPEN,Coffee Wright,Coffee,Wright
"WILLIAMS, MARCUS W.",S8NC00270,S,NC,,DEM,OPEN,Marcus Williams,Marcus,Williams
"SCHUMER, CHARLES E.",S8NY00082,S,NY,0,DEM,INCUMBENT,Charles Schumer,Charles,Schumer
"HAHN, PATRICK JOHN",S8NY00199,S,NY,0,REP,CHALLENGER,Patrick John Hahn,Patrick John,Hahn
"GIBBONS, MICHAEL",S8OH00086,S,OH,0,REP,OPEN,Michael Gibbons,Michael,Gibbons
"FARIS, STEPHEN I MR",S8OH00144,S,OH,0,W,OPEN,Stephen Faris,Stephen,Faris
"BARTOS, JEFFREY A",S8PA00262,S,PA,0,REP,,Jeffrey Bartos,Jeffrey,Bartos
"JACKSON, CHARLIE RICHARD",S8WA00129,S,WA,0,IND,CHALLENGER,Charlie Richard Jackson,Charlie Richard,Jackson
"AMUNDSON, THOR",S8WA00137,S,WA,0,IND,CHALLENGER,Thor Amundson,Thor,Amundson
"BUTLER, JON",S8WA00376,S,WA,,IND,,Jon Butler,Jon,Butler